user_id,age,drinks_coffee,height
4509,<21,False,64.53817904453359
1864,>=21,True,65.82424888787415
2060,<21,False,71.31985411358406
7875,>=21,True,68.56940373214746
6254,<21,True,64.02022563141807
3742,<21,False,63.491779758171084
4996,>=21,True,70.82845531963768
5695,>=21,False,75.22804585857685
2619,<21,False,66.35323070378948
2368,>=21,True,66.2086558318893
3784,<21,False,63.01199819464516
6103,>=21,True,68.90568627078885
1861,<21,True,62.64682032613945
5543,>=21,True,70.63973052501186
5875,<21,False,63.91551535332872
5256,>=21,True,71.81563046227366
7038,>=21,True,67.24423540093142
2132,>=21,True,68.64132385451472
3693,>=21,True,68.83543375264664
7619,<21,False,67.58447731785355
6345,<21,False,66.64307077402935
3651,<21,False,63.35389389062713
8178,>=21,True,67.12843175533622
2387,>=21,True,70.5463576577836
5460,>=21,True,72.13547380179973
4671,>=21,True,71.24221067361246
8078,>=21,True,67.53267631315352
3071,<21,True,64.74170063905193
2204,<21,False,67.11177964711722
6263,<21,False,66.6553427227113
5160,>=21,True,70.47637027816452
7320,>=21,True,68.03779296593163
4811,>=21,True,70.02329527822174
2617,>=21,False,70.28886481670483
3011,<21,False,65.12179883948183
3820,<21,False,63.86538088080749
2559,>=21,True,71.46065628864498
5561,>=21,True,68.99034245722873
4646,<21,True,63.56405070951955
2144,>=21,True,71.39575220072047
7040,<21,False,65.65030152414644
3805,<21,True,63.791531490140656
2438,>=21,True,66.50225130841665
7748,>=21,True,71.53781258216688
6480,>=21,True,66.25042108645859
3411,>=21,True,69.14041550365131
3171,>=21,True,70.21290234261433
2061,<21,False,69.48753863726854
1884,>=21,False,73.9349969792196
6596,<21,False,62.49441593777159
4064,>=21,True,67.30547501995457
5490,>=21,True,67.51257500144058
2029,<21,False,62.70912983764607
6201,<21,True,63.85486636260574
5746,<21,False,63.406755420981206
4979,>=21,True,68.66238796902174
5420,<21,False,62.10480145571656
5874,<21,False,64.1712869330812
3464,>=21,True,67.32523562545832
6266,>=21,True,69.17889340007943
5641,<21,False,60.10101072876596
3824,>=21,True,70.14204932332773
3991,<21,False,68.84734217356217
5675,<21,False,67.49948309839935
5233,>=21,True,72.47855650483115
5707,>=21,True,68.02667099289287
6614,<21,False,62.761851884651506
4217,<21,False,70.06784607638572
7021,>=21,True,69.96198557598365
4198,>=21,True,68.69368774720871
6609,>=21,True,71.28412476623228
4311,>=21,False,71.44697824181092
4194,<21,False,67.99207716294698
4865,>=21,True,68.46010304679466
4965,>=21,True,69.50501749550885
6138,>=21,False,72.6262687146877
2252,<21,True,65.27344131489512
6333,<21,False,73.22785153593168
6165,<21,False,72.88031962263327
3484,>=21,True,65.11531216360353
1925,<21,False,63.755982367796854
4992,>=21,True,66.65438484782098
7963,>=21,True,72.38710499087867
3521,<21,False,68.21612172457581
7031,<21,False,64.34713232521003
3337,>=21,True,67.15416297798684
7970,<21,True,63.652813739819855
5079,>=21,True,71.04207123207568
5398,<21,False,66.58817514860318
6016,<21,False,69.4760948184243
3537,<21,False,66.20133490571004
7732,<21,True,64.8174830142669
7078,<21,False,67.58460466985359
2423,>=21,True,69.54005180757561
7130,>=21,True,66.49148410366244
7791,>=21,False,69.31366669148967
6906,>=21,True,69.54394437262181
5666,<21,False,63.64788437283888
5754,<21,False,61.543689605527334
2589,<21,False,70.80435411060384
4149,>=21,False,71.98980987280618
4635,>=21,True,66.75384330711395
4388,<21,False,64.776839110626
8165,>=21,True,69.60590617822128
1845,<21,True,65.07860898062019
2448,>=21,True,68.90769246258985
3427,>=21,True,68.84982149767833
2613,<21,False,68.97931765333485
7120,>=21,True,71.82734810726959
5307,>=21,True,70.01504191863707
2735,<21,True,63.59737385498453
4627,<21,True,64.19929239836176
3767,<21,False,63.70086697786846
2084,<21,False,67.39420515643016
6110,>=21,True,68.9399254706523
5359,>=21,True,68.93497082741952
7640,<21,False,71.51095287490985
6751,<21,False,63.86799676297737
2499,>=21,True,67.54790131675037
3278,<21,False,67.56157610210845
5553,<21,False,69.74824478194147
2427,<21,False,67.10376990925036
2377,<21,False,70.04590241753385
3803,>=21,True,70.44097517385953
5125,<21,True,65.91934980111722
6989,>=21,True,69.31909551293673
7217,<21,False,66.68279146214705
4609,<21,False,66.79549832436287
3461,>=21,True,72.19215768155853
7039,<21,False,59.893284628917876
4391,>=21,True,68.61793909702315
8052,<21,False,68.41820467688675
2206,>=21,True,67.54160581974658
4150,>=21,True,67.26440021221777
3791,<21,False,62.54400048028881
4899,>=21,True,66.94213742161644
6327,<21,False,72.72117585275863
4491,>=21,True,68.45982812220518
2172,>=21,True,70.17220091832036
3860,>=21,True,71.36655671298608
2453,>=21,True,70.40260680732452
7491,<21,False,67.94225016084548
3430,<21,False,67.8252679862489
2624,>=21,True,66.61778936834004
7327,<21,False,64.85182467525007
4288,>=21,True,68.5716757856094
4351,>=21,True,68.95244425277643
8097,>=21,True,68.44881580895013
3032,<21,True,63.401727345423936
7747,>=21,True,70.24507211471087
7050,<21,False,71.53443232146032
2215,<21,True,65.05696202485446
5291,<21,False,66.14760221677598
3423,>=21,True,66.10805162153527
6385,<21,False,66.94481037434515
6841,>=21,True,70.18668374845112
5347,>=21,True,68.593410735958
5658,>=21,True,66.05088924057131
7612,>=21,True,68.89914992064342
7946,>=21,True,71.98649256432178
4209,>=21,True,69.9287607930166
5574,<21,False,69.25053880157573
7108,>=21,True,70.67057159751634
5767,<21,False,60.79921155745384
8063,>=21,True,70.86789762181483
7162,>=21,False,70.7380581793224
6300,<21,True,66.20915568565428
4610,>=21,True,66.67020308096781
7839,>=21,True,69.40845806028396
3082,>=21,True,65.97142928612449
2094,<21,True,63.83008111088385
7935,>=21,True,66.26462328161733
3353,>=21,True,68.24951766580001
1889,>=21,True,71.4266016844826
8057,<21,True,63.285464314710104
5372,>=21,True,70.23809008797652
4761,>=21,True,71.2197109287731
8076,<21,False,56.21949210533291
5041,>=21,True,69.99651022742596
7885,>=21,True,70.52430795229888
5813,<21,False,61.7779946160804
7787,>=21,True,70.4336795573764
4637,>=21,True,69.9702480811986
5498,>=21,True,68.07751353977578
3493,>=21,True,68.63940849380322
4330,>=21,True,67.9856664347266
6171,>=21,True,69.706590000865
2073,>=21,True,68.69615434592531
3110,>=21,True,70.85573550330541
2806,<21,True,64.33150237454169
6845,<21,False,65.2685868172165
3950,>=21,True,68.94494673877209
6783,>=21,True,71.20160593574866
6656,>=21,True,67.60220488936933
5470,>=21,True,69.60279833696103
4738,<21,False,64.52719964361481
6741,<21,False,68.64072757443084
7173,<21,False,61.177631338027055
5936,>=21,True,67.50679553767438
7673,>=21,False,72.36426704359361
7027,>=21,True,70.56770572311042
5092,<21,False,64.14422177927013
6544,<21,False,65.52855786032184
3368,<21,False,69.58663505452743
4222,>=21,True,69.6931873595083
1943,>=21,True,68.62188291752018
3214,<21,False,68.71745207263324
6942,>=21,True,68.72466824392347
7403,<21,False,64.98100351663662
6563,>=21,True,73.99621281970886
3380,<21,False,71.29971469665564
3582,>=21,True,66.6891607058367
7745,>=21,True,68.77792266697453
7837,>=21,True,69.94976209179515
5605,>=21,False,70.61982930631065
2606,<21,False,59.98926531505954
1948,<21,False,63.983190762946684
7746,>=21,True,71.01812657338267
6789,>=21,True,69.04956371724141
3356,>=21,True,69.00844791614882
4590,>=21,True,68.16862810745747
5083,>=21,True,69.18988235728492
2894,>=21,True,69.1096221530025
4329,>=21,True,69.46007006469921
7405,>=21,True,67.99506013071196
2012,>=21,True,66.9814669526991
4027,>=21,True,69.76269368605584
4850,>=21,True,67.66109754936149
3308,>=21,True,64.531598567645
7318,>=21,True,70.63019046237493
3792,>=21,True,70.05588975722621
5077,<21,True,64.3650560863057
2830,<21,False,65.62587072212133
4442,>=21,True,72.26993728943567
4056,>=21,True,72.78946754867924
3166,>=21,True,72.91148104417148
7741,>=21,True,67.55474573564094
7900,<21,False,64.35657257711543
6782,<21,False,68.80506435213717
5066,>=21,True,69.69747590815479
1923,<21,False,64.70602261544371
5352,<21,False,64.70227179769373
3269,>=21,True,68.21367707965565
6129,>=21,True,66.57330959055335
4127,>=21,True,71.77143781146671
7269,<21,False,63.475646402000535
4591,>=21,True,67.11772225045362
3576,>=21,True,67.7619163065249
6628,>=21,True,68.21302227679723
5792,<21,False,58.900279809469716
4942,<21,False,63.01251608234976
2647,>=21,False,71.84792578776204
4571,>=21,True,65.56497140552803
5709,>=21,False,69.80200276221858
3183,>=21,True,69.57395174487633
2047,>=21,True,67.58009585131275
6530,>=21,True,70.48042314933068
1940,>=21,True,67.90958843810802
6932,<21,False,66.0634893272809
7993,<21,False,67.1607570012584
2312,>=21,True,70.63549689910553
2818,<21,False,63.03780823898846
2743,>=21,True,71.2225994907264
2031,<21,True,62.0547465360625
7475,>=21,True,66.02603592969463
6975,>=21,True,69.54623453484466
3391,<21,False,68.27354636869276
5262,>=21,True,71.09281801295684
7676,<21,True,63.74597052877731
6526,>=21,True,69.67821912736592
1907,>=21,True,72.20796169768683
2332,<21,False,68.37449899794244
4185,<21,True,64.19877026077698
6573,>=21,True,68.62801000636757
4088,>=21,True,70.42407382834409
5026,<21,True,63.08874244733188
1874,>=21,True,66.98041042960247
6334,<21,False,71.53535992453617
3984,>=21,True,70.94349740585018
4720,<21,False,63.84479455084652
4615,<21,False,67.7325582262437
5089,<21,False,64.96576900261647
5068,<21,False,67.20337788136666
6987,<21,False,65.63372791673446
3514,>=21,True,70.25461894499657
6667,<21,True,65.47916037099091
2560,>=21,True,67.21576615181839
7183,>=21,True,69.22082742380059
5179,<21,False,63.16481580387961
5354,<21,False,57.56592147261415
2196,<21,True,65.45700457762361
6105,>=21,True,67.81352573388358
5133,<21,False,66.35610449058731
2044,<21,False,62.70317960229938
3195,>=21,True,71.27184346601295
5376,<21,False,61.735736326729196
6525,>=21,True,70.83502772429476
7735,>=21,True,69.52540125694149
2845,>=21,True,65.1686491396311
3800,>=21,True,70.25882077627757
5934,<21,False,69.28733754921441
7841,>=21,True,71.03036393497398
3972,>=21,False,69.52055302200418
4813,>=21,True,69.78386253384964
2916,<21,True,62.624573053175126
3488,>=21,True,68.75648464647558
4541,<21,False,62.77594215148144
5330,>=21,True,69.12713443345449
4726,<21,True,63.67756971882709
6927,>=21,True,65.53522488258317
7799,<21,True,64.39366784546854
2493,<21,False,66.23311887826765
5090,>=21,False,69.24814556705316
5786,<21,False,62.525265653204066
8180,<21,False,67.2542805924849
4228,<21,False,62.49719470837833
5113,>=21,True,69.69555131479886
3034,<21,False,67.07311392334262
3053,<21,False,64.03555046538486
1875,<21,False,67.76211801512935
7267,>=21,True,69.05538345435403
4652,<21,False,64.98734172550365
6325,>=21,True,69.53497215385184
7473,>=21,True,68.0930754376506
3239,>=21,True,66.00617540834536
6523,>=21,True,73.17342190569744
4945,>=21,True,69.06801692120682
6189,>=21,True,72.68068906085591
3564,>=21,True,72.12599045999434
3511,>=21,True,68.49635548436383
2458,>=21,True,70.32864632989875
4818,<21,False,66.09721839957697
7211,>=21,False,72.22294555286526
2325,<21,False,68.53660664072986
2614,>=21,True,70.72589567720259
7821,<21,False,67.7385908468902
5164,>=21,True,69.9325948909626
7858,>=21,True,70.197313861255
4584,<21,False,67.97156936535227
2126,<21,False,65.90397308769141
2209,>=21,True,67.9143820953153
4815,>=21,True,69.63554682026151
2961,<21,False,63.24035429422768
4548,>=21,True,69.61979509460197
2143,>=21,True,69.87735448244115
2898,<21,False,66.93530205243484
5590,>=21,False,70.56373273110918
6428,<21,False,68.90666189999213
2056,>=21,True,72.8787452509645
7386,<21,False,65.93111448308943
8130,>=21,True,71.19965483838179
2481,>=21,True,70.18605903064817
7917,>=21,True,69.49713081972307
1962,>=21,True,69.10713046903204
2444,>=21,True,66.62088801803951
3339,>=21,True,69.35683618223536
8082,>=21,True,68.52340936367952
5134,<21,False,63.62946867785469
7384,>=21,True,75.13106905042387
3772,>=21,True,71.14397628311244
2355,<21,True,65.14875455434716
7582,>=21,False,68.32501165310698
5388,<21,False,65.33958381894206
6960,<21,True,63.55390646041083
3302,<21,True,64.59976877574907
3621,>=21,True,71.43979143756076
4991,>=21,True,74.0252009290993
3628,>=21,True,70.06483255754213
5182,<21,True,63.973306114360625
3607,>=21,True,74.0705794128193
2033,>=21,True,65.80337245289424
4452,>=21,True,71.46331987737943
3349,>=21,True,68.50631951762159
6911,>=21,True,65.6250622325134
4066,>=21,True,65.98221518968676
5775,>=21,True,68.26095395782177
4743,>=21,True,71.62648545582451
4546,<21,False,65.27488335465294
3271,>=21,True,70.56817623811716
4477,>=21,True,69.66531440703088
3039,>=21,True,70.91124425531456
2604,>=21,True,67.28836433837387
4883,<21,False,59.22987980466488
4207,<21,False,64.07154583350527
3118,>=21,True,66.64671218821091
5774,>=21,True,67.74193736062719
4297,>=21,True,67.38408408020184
6192,<21,False,65.29864044264902
7601,>=21,True,65.21693821263416
6515,<21,False,64.97906202189276
2591,<21,False,69.05528723587096
6221,>=21,True,68.71512955859355
7580,>=21,True,69.8422968378113
6348,>=21,True,70.13610243071862
2024,<21,False,65.95540966718845
3421,<21,False,61.49735352715619
5225,<21,False,63.40562628540734
2380,<21,False,65.67520251019799
8009,<21,False,62.76960667454271
7383,<21,False,62.99172925581527
4281,<21,False,69.83135893226529
2684,>=21,False,73.25898317672626
6339,<21,False,62.47723236701878
7864,<21,False,67.89640526152589
2872,>=21,False,68.8795403427581
2908,>=21,True,69.21109021496834
4118,>=21,True,68.69818955231644
4044,<21,False,65.09463548490473
3927,>=21,True,70.30991751206582
7432,>=21,True,68.84266629794797
7516,>=21,True,71.5104047598479
7784,>=21,True,67.38735206099508
2796,<21,False,60.882272336434696
3809,>=21,True,72.77210365803252
6847,>=21,True,73.2768348133488
5778,>=21,True,66.5650183902681
6261,>=21,True,70.11801173744009
6957,>=21,True,69.57538246391339
7641,>=21,True,68.52819079923215
7467,>=21,True,69.97748733903272
1934,>=21,True,68.21860419529408
2973,<21,True,65.18883324211177
3585,>=21,True,68.05380712735398
3409,<21,False,69.03505894372412
6381,<21,False,63.02400133924014
4524,<21,False,66.98369764356963
7542,<21,False,67.44418094267122
4544,>=21,True,70.0416628917193
5386,>=21,True,70.16439437432831
4703,>=21,True,67.91573095053734
3935,<21,False,73.11209362523748
2157,>=21,True,67.21752581082828
2799,>=21,True,67.73169493619744
6157,>=21,False,72.06084748621862
7302,<21,False,64.22938929116503
3762,<21,False,61.131409045403416
5633,>=21,True,67.56379952349934
5188,<21,True,62.69850164710677
4563,<21,True,64.61557758846394
2634,<21,True,62.709674297477775
4882,<21,False,65.8467823386774
1929,<21,False,68.98027208597594
7585,<21,True,64.05617926777224
3530,<21,False,61.04655400825759
7395,<21,False,64.68826775478999
2846,>=21,True,66.89679137949369
6853,<21,False,67.57275615132352
3962,<21,False,67.24447358901732
3889,>=21,True,69.23211360183255
7887,>=21,True,65.91097750600132
4331,<21,False,65.28331912923599
7501,>=21,True,68.34945003151131
2268,<21,False,64.22527989295241
4579,>=21,False,71.1788519371519
6285,>=21,True,70.29049100257302
6691,>=21,False,70.55954442930151
3112,>=21,False,74.64634967460094
7259,>=21,True,70.21236238071728
4395,<21,False,69.66483571307171
5274,>=21,True,70.4414821772416
6765,<21,False,67.03325200410171
4393,<21,False,62.935919799551485
3111,>=21,True,72.41820508184094
1857,<21,False,66.47610564407636
3387,>=21,True,69.02490185811436
4317,>=21,True,70.71394000571097
2868,>=21,True,69.10715274818732
7604,>=21,True,71.05267912945659
4639,>=21,True,67.33270157931965
6051,>=21,True,68.71782172808189
1933,>=21,True,68.75459431861894
2707,<21,False,65.38731506991665
3417,<21,False,65.23174788849477
7333,<21,False,65.17822791065299
7052,>=21,True,70.05098017530567
8196,<21,False,66.15471170103301
3729,>=21,True,67.31088777069732
4174,<21,False,69.06800211215982
5518,>=21,True,69.69017033150293
3383,>=21,True,68.98861210871412
2394,>=21,True,69.74382211307302
7280,<21,False,66.99503116845356
3226,<21,False,66.21003533605301
1852,>=21,True,69.5918520016296
2363,<21,True,63.800304882526355
6440,<21,False,67.091262508939
4951,<21,False,68.53963220497702
3822,>=21,True,68.36887384850907
7761,>=21,False,67.00229296973279
1931,>=21,True,70.81896250745655
2076,<21,False,68.35400106017828
3046,<21,False,63.312583785428515
6360,<21,False,69.27940661179663
3623,>=21,True,68.70867128915278
3114,>=21,True,71.60720823702617
3834,>=21,False,70.85350866331667
7807,>=21,True,68.32067117177057
5654,<21,True,63.270311880030704
6654,<21,True,65.36682126143472
3682,>=21,True,67.23399334739197
6144,<21,False,64.59047522485001
5287,>=21,True,68.27594445141939
6589,<21,False,68.95470800305505
5240,>=21,False,70.78918401193194
8113,>=21,True,67.9776282514527
6182,>=21,True,70.38859085330469
5507,<21,False,68.25559640859247
2781,>=21,True,70.16624127766082
3639,>=21,True,71.62972865835013
2153,>=21,True,70.58265853108335
7796,>=21,True,68.3740435505723
3093,>=21,True,70.82556420168122
2167,<21,False,68.43137153400757
3333,<21,True,65.06231347715557
3206,>=21,True,66.81119253234256
3503,>=21,True,70.54282484615005
7017,>=21,True,70.52963320671599
3438,<21,True,63.14240802516225
5556,>=21,False,72.84594238566805
7936,<21,False,67.46363377627058
5833,>=21,True,73.29734005077368
5128,>=21,True,70.39391249699375
1937,<21,False,62.85252367295116
2208,>=21,True,73.49987355275883
6338,>=21,True,69.21424181806722
3443,>=21,True,68.05157080877392
4982,<21,False,59.95100244005347
6443,<21,False,65.10219937695602
3660,>=21,True,70.61896089124443
3050,<21,False,64.73567802581105
1987,<21,True,64.24785388958291
7663,>=21,True,69.45794752754479
7113,>=21,True,71.31808360419278
2068,<21,True,63.36022876719197
3056,>=21,True,65.46413692656498
5098,>=21,True,71.0057151155204
2515,<21,False,65.07350760574653
4594,>=21,True,66.85872716697173
6706,>=21,True,71.74433241074499
6769,>=21,True,70.11468308957848
7062,>=21,False,69.20549654543258
3921,>=21,True,71.61075697454865
2988,>=21,True,72.47291351430117
6227,<21,False,71.86044057449325
6521,>=21,True,70.82423845087945
5310,>=21,True,67.89313899248322
6884,>=21,True,68.67707479159334
3562,<21,True,63.662148019047414
3085,<21,False,69.48110153363525
4105,<21,False,67.37737166851639
3189,>=21,True,71.3701345275463
5853,>=21,True,66.11241377153863
6963,>=21,True,69.49357680637408
5485,>=21,True,69.07152089045177
3481,<21,False,59.560474889899865
4655,>=21,True,72.82747275087358
6825,>=21,False,70.85504737337726
6101,<21,True,64.05424717846482
7956,>=21,True,67.90361078246102
6389,<21,False,63.29965613053282
7292,>=21,True,65.55738245163161
3305,<21,False,63.796613078587086
4409,>=21,True,69.1493962496057
1966,>=21,True,67.93347163995801
8184,<21,False,66.24567455992685
7776,<21,False,63.73131037331352
4713,<21,False,63.83145292986858
7141,>=21,False,73.642595490611
6210,>=21,True,68.652146789319
4471,<21,False,61.59755698882866
3758,<21,False,65.80904247470485
5791,<21,True,63.78181142712413
3688,>=21,True,73.08363552774125
6173,>=21,True,72.71586169510174
2160,>=21,True,69.52645915879053
7721,<21,False,60.66068334302989
4049,<21,False,63.80422780549022
5571,>=21,True,69.5986029976755
3508,<21,False,70.24825999747611
8022,<21,False,66.03272082448622
8102,<21,False,64.89453122513856
2014,>=21,True,68.85232345739439
4233,<21,False,63.32649035451538
5226,>=21,True,67.25285893244569
3937,>=21,True,70.3169104132114
5955,>=21,True,67.45635177875886
7754,<21,False,63.55204158104404
1942,<21,True,63.25643884636918
5798,>=21,True,67.44483481485811
6198,>=21,True,66.68678545881663
3606,<21,False,64.3059011020813
7782,>=21,True,71.52114716736588
2299,>=21,True,65.01326435014752
3989,>=21,True,67.24150817159507
6143,<21,True,62.782455382541215
2685,>=21,True,74.08915588159455
5765,<21,False,67.00273676782561
6921,>=21,True,67.68128096103312
5523,>=21,True,70.77928682844441
4304,>=21,True,68.29663068048039
5891,>=21,True,69.09256549890664
4046,<21,False,63.72189980747274
7353,>=21,True,69.42296789123735
7461,>=21,True,69.98598889027473
4536,<21,False,62.036123162480486
4891,<21,False,64.21450816942746
2079,<21,True,63.63084424116536
4670,<21,True,63.02014114782269
4749,<21,False,66.24650944589564
2257,>=21,True,65.64073971936892
4643,<21,False,69.83185618041315
6316,>=21,True,65.4435290201327
3619,<21,False,60.870081506324055
4441,>=21,True,68.13037395882735
6423,>=21,True,69.06572173789866
6594,>=21,True,70.63592645951806
2631,>=21,True,69.45935413897358
7161,<21,False,68.29370986286202
7896,<21,False,65.51777660452214
2689,>=21,True,68.8649691043154
5502,>=21,True,66.8030508774499
4512,>=21,True,71.79652518124364
7666,<21,False,61.83315790555722
5300,<21,False,61.78512794527738
2096,<21,False,67.10051734051423
4110,<21,False,67.97980696480982
1910,<21,True,64.76831433394278
5314,>=21,True,69.37305177014406
5557,<21,False,67.42815532329149
6417,<21,True,63.61320711384736
6979,>=21,True,71.23783565168675
5964,<21,False,65.01283254351249
6605,>=21,True,69.13930970622636
5154,>=21,True,68.2066193634028
2537,>=21,True,73.54055576584798
1971,>=21,True,64.79293366382916
5195,>=21,True,69.17656968779762
5568,>=21,True,70.2517548142317
5366,>=21,True,71.63430389188868
6848,>=21,True,68.702510811036
5148,>=21,True,69.1686227158906
4856,>=21,True,70.3530525419255
6985,<21,False,66.87024627649471
6871,<21,True,64.94207700358452
4378,>=21,True,74.54832194117523
7135,>=21,True,71.10810371769223
4102,>=21,True,70.90782766254335
3755,<21,True,63.940824359156004
4702,<21,False,67.00797684293008
5263,<21,False,70.56901519641389
6176,<21,False,65.13533318297871
5424,>=21,True,69.67348748217445
7851,>=21,True,71.02543464170616
5636,>=21,False,69.88921413973671
4243,>=21,True,69.99924745530197
4289,<21,False,65.11633040987189
6711,>=21,False,73.01348829883699
2893,<21,False,65.51772957709257
8176,<21,False,63.43756181971226
4618,>=21,False,71.06141667384516
7094,<21,False,67.99250140381308
5601,<21,True,62.70389477723495
5308,<21,False,64.72723725235831
3891,<21,False,66.5548459771081
4353,>=21,True,73.1508242764163
2487,>=21,False,69.9556779394767
6136,>=21,True,69.09847579925486
3448,<21,False,63.46578290425464
3647,<21,False,63.895342375250216
6119,>=21,True,67.28076767304943
3980,>=21,True,68.8917494713054
2944,>=21,True,70.98331050679698
3358,<21,False,59.97722267677485
5915,>=21,False,71.67612824252278
6943,>=21,True,68.38787630178382
3499,<21,False,64.36588956877551
6560,<21,False,64.95033660659034
2246,<21,False,61.647173956762394
2224,>=21,True,68.87133398983006
7774,>=21,True,71.009465345224
4384,>=21,True,69.22563730422007
5149,>=21,True,68.28995573985142
5737,>=21,True,72.30682898658428
4660,<21,False,61.92371046921906
6721,>=21,True,72.66433525878183
4611,>=21,True,71.64629611321556
6267,>=21,True,68.7383024715797
3281,>=21,True,67.84259955972878
5457,<21,False,69.36267718182721
4861,>=21,True,68.6037966696721
5459,>=21,False,71.85238521683013
8138,>=21,True,69.77480382851954
7975,>=21,True,68.5709017127577
5355,>=21,True,67.06712126527314
7117,>=21,True,68.4312994653054
3069,>=21,True,68.11185636602406
4577,<21,False,68.70610072141166
3892,>=21,True,68.08955340257043
7296,>=21,True,68.35256252538896
7262,<21,True,64.82053895681673
6668,<21,False,67.11812180280093
4246,<21,False,62.67207270862704
1909,<21,False,61.00111191350912
5886,<21,False,63.44543433356383
5611,>=21,True,66.65962504123742
4350,<21,False,68.81235644310397
6833,>=21,True,69.12167695853486
8025,>=21,True,65.26082933294751
7730,<21,False,69.11927271874163
2369,>=21,True,68.41178253908882
6602,>=21,False,72.78736721406179
7733,>=21,True,69.44379775874853
3595,>=21,True,70.20080981924572
6052,>=21,True,68.72947795579304
2002,>=21,True,67.81961721326851
3620,>=21,False,73.40744037357132
4173,<21,True,64.58264903394348
6032,<21,False,67.38745085751431
5122,<21,False,68.7903846999555
4847,>=21,True,66.73275649223226
5338,>=21,True,68.39984254972717
6663,<21,False,68.42982439856189
3019,>=21,True,66.48062655807377
7915,<21,False,63.38210531368726
4913,<21,True,65.32331213974112
3229,<21,True,64.04156239604959
4919,>=21,True,70.30331235102251
4234,>=21,True,72.28367242229257
2866,<21,False,71.16314309105042
4809,>=21,True,67.21730397881001
5751,>=21,True,71.95476752417945
2353,>=21,True,67.63107799001126
2698,>=21,True,71.24224620306163
2289,>=21,True,69.91053910546745
8089,>=21,True,73.3450798423448
6367,>=21,True,69.38530506649153
7835,<21,True,64.13761958491217
5268,<21,False,73.46438429199078
5328,>=21,True,68.42480906898675
2610,>=21,True,67.91692380949162
2672,<21,False,61.835318838673345
4606,>=21,True,70.35911892974096
3363,>=21,False,71.4333043898953
7906,<21,False,65.90093350043341
2247,<21,False,68.63972704342254
7705,>=21,True,68.9528364966893
5811,<21,False,66.65870019226729
6983,>=21,True,69.71383047077632
8071,>=21,True,68.7589522497134
4915,>=21,False,71.18655457598526
7816,>=21,True,70.79312968187493
5519,>=21,True,72.11751600042454
6579,>=21,True,69.51241585386951
5896,<21,True,64.89711254273541
2877,>=21,True,71.50394729693873
2618,<21,False,64.37301134138275
3555,<21,True,63.17842011698617
8055,<21,False,64.65988032524666
5362,>=21,True,68.39877812829103
8175,<21,False,62.720379448785636
2674,>=21,True,72.33444543141935
4921,<21,False,62.256729167468905
2856,>=21,True,68.66384760144315
3491,<21,False,65.99689700865443
4733,<21,False,59.68468974377848
2869,<21,False,65.13811729099592
3965,>=21,True,69.0811257866665
7359,<21,False,64.54962064850686
7362,>=21,True,70.25285522864421
7723,<21,False,66.61496419025178
5447,<21,False,63.46718263825561
3985,>=21,True,69.60207475157019
2938,>=21,True,69.38023458620881
1862,>=21,True,74.7450879593835
4156,>=21,True,71.71690756310542
4218,>=21,True,68.14616256058099
2850,<21,False,66.00209952774973
6243,<21,False,59.86475767298264
5734,>=21,True,71.67767077015785
3575,>=21,True,69.05774139661638
5983,<21,False,62.93168002442696
7290,>=21,True,68.26909344678965
4211,>=21,True,68.879278961931
6458,>=21,True,71.91814850460227
2737,<21,False,65.46574639664108
6889,>=21,True,70.20053271138192
7873,>=21,True,68.89014296651682
2586,>=21,True,68.88245653250227
3930,>=21,True,66.40426861505051
3899,>=21,True,67.92337196837153
7508,<21,True,63.56607612599268
4789,>=21,True,71.85960768552458
7759,>=21,True,67.27040677877103
1847,>=21,True,70.74919406491686
4727,<21,False,61.470262110559176
3460,>=21,True,67.16333990287853
1844,>=21,True,68.19600714638963
6137,<21,True,65.32435992303785
7030,>=21,True,65.223426361547
4918,>=21,True,68.00264288833979
7329,>=21,True,68.12433769999195
5632,<21,False,64.53526867584345
7573,>=21,False,73.89491445900374
7355,<21,True,62.75336945923218
8199,<21,False,67.5816146593073
6686,>=21,True,67.24145414866797
7661,<21,False,66.2843387853145
4790,<21,False,64.91801273931048
7496,<21,False,65.03669713591479
2779,>=21,True,68.57945435753196
2062,>=21,True,73.48562095407995
4717,>=21,True,70.68641963135222
5031,<21,False,66.78997736944426
6294,>=21,True,67.95126262423098
7246,>=21,True,68.38264161824615
3033,<21,False,68.8589015078389
4037,<21,False,63.4291569961678
6703,>=21,True,70.00957240828505
5175,>=21,True,67.15209981240984
4242,<21,False,66.6455421633344
4117,>=21,True,64.20332965874668
7360,>=21,True,70.75725805079179
5176,>=21,True,68.87107957731703
7678,<21,True,63.71185181631205
2479,>=21,True,71.6005374415915
2467,<21,True,64.58417383505115
4439,>=21,False,74.04151220646553
4950,>=21,True,68.0166444564103
6041,>=21,True,70.51490119947346
4849,>=21,True,70.06874914908423
6863,<21,False,68.19068682148271
7018,<21,False,70.96429866135475
3654,>=21,True,67.65942306299743
3773,<21,False,68.39835611639505
4260,>=21,True,70.89350965000236
3208,>=21,False,69.41026823223291
4519,>=21,True,68.16344798617789
7106,>=21,True,70.17649952768653
6091,>=21,True,70.6515122961515
6071,<21,False,67.05518913879887
3126,>=21,True,68.82188622654961
4114,>=21,False,74.23696657088063
4565,<21,False,63.429540313188284
5679,>=21,True,71.73335269948497
3689,<21,True,63.174178291881
6324,>=21,True,69.33154166135402
2688,<21,False,68.38828088985824
2983,>=21,True,67.26598991711994
4020,<21,False,67.21808944458681
6599,>=21,True,65.66109514228071
2895,<21,False,66.9857432437079
7556,>=21,False,70.38348143829516
5141,>=21,True,71.61047273957891
7380,>=21,True,70.0394243268202
7082,<21,True,63.06164721910594
5335,>=21,True,70.64418500212254
4479,>=21,True,70.87299533709061
4788,<21,False,66.56780969144354
7350,<21,False,64.95153044739624
5167,<21,False,64.5307092043991
1887,<21,False,66.93765308809368
7922,>=21,True,66.58937487391562
3764,>=21,True,66.11647474893788
6678,<21,False,67.45914982549924
4912,>=21,True,64.66550178017717
7828,<21,False,68.4018887379358
3390,<21,False,64.48792624324494
4080,<21,False,66.87566982094289
2593,<21,False,69.4896682456397
6708,<21,False,64.39202640909396
5396,>=21,True,71.39374724239576
7596,>=21,True,68.01225860734493
7136,>=21,True,68.87897362037154
2583,<21,True,65.36380156822256
8109,>=21,True,67.61012743053784
7813,>=21,True,67.63272377729298
4755,>=21,True,69.53310289239249
7785,<21,False,66.8183057659052
3374,>=21,True,70.25455340388703
2639,>=21,True,68.4455353390602
8166,<21,False,66.63120153417712
5219,<21,False,68.12739573965369
5299,>=21,True,69.16479984639088
5825,>=21,False,68.13610412921182
6003,<21,False,62.108516786241786
3554,>=21,True,69.91359007150264
3572,<21,False,64.13651808563223
3375,<21,False,61.55951236458544
6807,<21,False,66.76257855853592
7216,<21,False,64.32117806658451
6522,<21,False,72.3567257758616
7486,>=21,True,69.30251602095878
6202,>=21,True,69.70093925388694
3138,<21,True,64.3437772651405
7734,>=21,True,67.96049322487127
4407,>=21,True,68.65347993770112
3949,<21,False,66.64085662529962
2163,>=21,True,65.32393291716598
4731,>=21,True,67.52753479464342
3974,>=21,True,71.29710830673113
2788,>=21,True,72.4009426238387
2886,<21,False,62.18545901758405
6849,<21,False,58.59468880683988
6068,>=21,True,71.53922593006038
2592,>=21,True,70.07576447574363
4550,>=21,True,68.9060260969907
2122,>=21,True,69.93526189275671
4356,<21,False,64.54610355951293
5919,>=21,True,68.24054591351805
7531,>=21,True,70.24859598420812
5455,<21,False,67.99200672282258
3904,<21,False,61.11403464772406
5499,<21,False,64.58714950335612
4692,>=21,True,68.9614052929789
3199,<21,False,67.17308057968621
6787,<21,False,68.29645086534649
5078,<21,False,66.17582784285209
6455,<21,False,62.749934987603325
7387,>=21,True,68.25348242834116
2150,<21,False,69.29472476159232
2339,<21,False,68.81431093337228
4367,>=21,True,66.67723521521526
3565,<21,False,66.34160717274003
6155,>=21,True,67.77544032718549
8174,<21,False,60.46769875287339
7756,<21,False,66.93629192157896
6936,<21,False,68.66286923950162
5909,>=21,True,70.01580808519896
2242,<21,False,63.5347271602803
7043,<21,False,68.6197943801746
5963,<21,False,63.718178339763405
7589,<21,False,65.81724218785804
7460,>=21,False,69.67570538422339
7429,>=21,True,69.65072165748184
4162,<21,False,66.77048747495833
3586,<21,True,66.25912902580853
6537,>=21,False,70.15117529192483
3675,<21,False,67.51300833199603
5558,>=21,True,70.39448997508579
5261,>=21,True,67.57794530468787
3399,>=21,True,70.76054562819508
4820,<21,False,63.07572811418964
5634,<21,False,68.19731013658699
2291,>=21,False,69.42045138589252
4975,>=21,False,74.27600259532257
7856,<21,False,59.75640628287805
6704,<21,False,58.97014277191789
1949,>=21,False,73.65872146778601
2283,<21,False,67.01706940495926
5281,>=21,True,67.44036890016675
7862,<21,False,69.83049203065447
7767,>=21,True,67.48589929722384
3028,>=21,True,68.88532921002628
4981,>=21,True,67.3709935258181
2192,>=21,True,68.51849026626498
3228,>=21,True,66.52588908968141
5333,<21,False,73.71399359941265
2142,>=21,True,67.5423458090929
3156,>=21,True,67.69390356087851
3694,>=21,True,69.69597203959681
3939,<21,False,66.65779429730222
3705,<21,True,65.64415147836775
6777,<21,False,64.95516058525759
3348,>=21,True,67.38566060929784
5527,>=21,True,68.6832247285476
4540,<21,False,67.81397523632835
3275,>=21,True,69.76345807294639
2638,>=21,True,68.7523105928748
4021,>=21,True,66.60339651182274
8111,>=21,True,69.20733470031419
3492,<21,False,66.87247656792634
2354,>=21,True,71.03092403350206
7079,>=21,True,68.67998556577969
2116,<21,False,69.53320555125052
4339,>=21,True,70.17761184830867
6968,>=21,False,73.42057419246511
5445,<21,True,65.46823260905758
4326,>=21,True,71.81974029675304
4933,>=21,True,70.29703686404109
7251,<21,False,64.86484369978788
5755,<21,False,64.4637425897348
6959,>=21,True,73.23033871745889
7028,>=21,True,68.76626225148
3712,<21,False,66.47357989418653
2734,<21,False,67.1846822423164
4593,<21,False,65.79589140170177
7614,>=21,True,68.67276561129562
7878,>=21,True,65.82715485129982
6930,>=21,True,73.58132805730197
2546,>=21,True,69.01144649230991
3378,<21,False,64.11679633996725
4264,<21,False,65.01107865045469
4011,<21,True,62.85657710541053
6098,<21,True,65.36783548311367
8014,>=21,True,68.7376333951162
3276,<21,True,63.72695863188252
2348,<21,False,64.30150137155607
3612,<21,False,64.80714101011858
7400,<21,False,66.24436126270702
6390,>=21,True,70.35532120140219
5566,<21,False,66.08646544324488
6671,>=21,True,65.33609261363624
6684,<21,False,62.87355764054309
6122,>=21,True,70.77972847452408
3287,<21,False,68.17062135082129
5234,>=21,True,64.8280287082732
7855,<21,False,66.52339042413888
7718,<21,False,66.22733004005339
4762,>=21,False,70.70066346962837
7490,>=21,True,71.158323196984
5505,<21,False,59.93356987293424
5072,<21,False,69.68145206867986
4922,>=21,True,70.38603184557373
3724,<21,True,65.3689496507078
4645,<21,False,57.775003619716486
3884,>=21,True,69.82786455123177
7397,<21,True,62.8704312736391
6395,>=21,True,65.28925603278826
4143,>=21,True,71.45473944388746
4167,>=21,True,72.06765234916472
4322,>=21,True,68.7861643730574
8197,>=21,True,69.77248432236321
1960,<21,True,63.45786052082776
4651,<21,False,63.92439661061823
5063,>=21,True,69.18111814159909
6948,<21,True,62.80938473459635
2232,<21,False,68.68121282405342
6859,>=21,True,68.41733462947381
2841,<21,False,66.79519212225831
6148,<21,False,61.59041814509266
6353,>=21,True,69.09750772834796
3418,<21,True,65.6827767033492
4708,<21,True,64.24601245816352
3344,<21,True,62.97353251264498
5877,>=21,True,68.78622823471599
4498,>=21,True,66.82183958718306
2269,<21,False,62.7481359312821
7512,>=21,False,68.74273294909918
7239,<21,False,66.9574061803122
7087,<21,False,66.81772189949348
4677,>=21,True,72.32802358845784
2882,>=21,True,68.75620512997139
2321,>=21,True,69.6910903133549
2051,>=21,True,71.58619579083589
4454,>=21,True,66.45941388400765
3049,<21,False,64.42929112799199
6956,>=21,True,67.92462447301291
3021,<21,False,64.65835045501767
6879,>=21,True,72.91494482942872
6819,<21,False,68.3474578089954
7554,>=21,True,67.47737871497618
2686,>=21,True,67.20574174874314
2003,<21,False,64.63748403588913
4624,<21,True,64.9365754446062
2093,>=21,True,67.12957762917495
5265,>=21,True,71.1272604239641
2226,>=21,True,70.2021353707457
5669,<21,False,65.11176924438509
4959,<21,False,62.81606257039129
6315,<21,False,65.14555828318476
7962,>=21,True,68.00649901600254
5911,<21,True,64.96410542358868
5815,<21,False,67.45236623239778
2582,>=21,True,68.11848707131591
2955,>=21,True,70.09879673459947
2915,<21,False,65.68994822116603
2055,<21,False,64.95996662759713
5829,>=21,True,70.27146053958826
3855,<21,False,68.85356516558528
2513,<21,True,63.590607558628925
3602,>=21,False,70.27586792110145
4337,>=21,True,70.39650111247212
2365,>=21,False,70.70624312737809
5305,<21,False,68.17597761972824
6899,>=21,True,63.34134953184123
4336,<21,True,63.89444877803364
3624,<21,False,68.65595009907732
2891,<21,False,68.23646606482211
7877,>=21,True,69.67697461615245
3402,>=21,True,71.05738188091722
4065,<21,False,66.84214930211355
7537,<21,False,64.29117411057233
5221,<21,False,67.74043003827884
3257,>=21,True,66.65470016998206
5625,>=21,True,71.46897814188799
7547,>=21,True,69.32941396117977
4364,>=21,True,70.35144875469072
4650,>=21,True,69.18451814564074
3313,>=21,True,67.68607202395778
6818,<21,False,68.56807332687329
2581,>=21,True,72.13421187179407
4938,<21,False,61.747130149511364
2703,<21,False,62.26080302274989
3752,<21,True,63.45986643055132
2913,>=21,True,68.17997133363738
3422,<21,False,64.91149223944142
3416,>=21,True,64.19098298950887
6600,>=21,True,66.09575102283529
3532,<21,True,63.07265859358542
7225,<21,True,63.209389623165166
6134,>=21,True,67.11637082815108
4854,>=21,False,71.86623936325866
1860,>=21,True,68.20201345539944
7041,<21,False,64.86452938317032
5400,<21,False,71.54410159597481
6800,<21,False,61.68305562968651
4419,>=21,True,72.82918779840098
7658,>=21,True,69.33965936952255
4195,>=21,True,69.48747972496456
6475,<21,False,69.43451502629948
4890,>=21,True,70.02820400860236
2477,>=21,True,69.59107537995348
7865,>=21,True,66.69727289903898
3125,>=21,True,66.74592064011064
4894,<21,False,66.33983294231207
5099,>=21,True,70.42008142946636
6479,<21,False,68.68566197306147
7045,>=21,True,71.19624724148677
2732,<21,False,67.60055055206222
2287,>=21,True,68.14316515694821
5971,>=21,True,66.18329713628799
4253,>=21,True,64.47587692445185
5796,>=21,True,70.5450798345743
6471,>=21,True,67.90230888435809
6645,<21,True,65.34444131685223
4995,>=21,True,67.82686056811322
6569,<21,False,66.71735942864535
2608,<21,False,71.7991695082685
8006,<21,False,65.86044144456756
2261,<21,False,65.83360816802863
4007,>=21,True,67.72248412752135
6953,<21,False,69.5108034455381
7171,>=21,True,70.32520368954758
3330,>=21,False,71.62730951586894
4859,<21,False,70.23474793676911
7248,<21,False,64.15571293830453
6912,<21,False,65.2595064617613
5736,<21,False,66.81958546698195
3862,<21,True,64.14580922445643
2120,>=21,True,68.3291743447524
3164,<21,False,64.8711054246009
4484,<21,False,70.7904540976342
3350,<21,False,65.21341196993606
7297,>=21,True,69.03651549533784
3524,>=21,True,68.50674805346335
2681,>=21,True,63.461355242413006
8091,<21,False,69.10203322217781
2454,<21,False,65.86365703106414
4699,<21,False,62.998060632114786
4791,<21,False,68.77044671049562
3153,<21,True,64.31086317769525
3452,<21,False,65.29830531632082
4888,<21,False,65.71439124915176
3845,<21,True,62.722214334061455
6630,>=21,True,66.56203794896786
4399,>=21,True,69.52831388868697
4799,>=21,True,67.93701312461884
6388,<21,False,65.06880626796834
5037,<21,False,69.26154214840284
5686,<21,False,68.88102665254686
6408,<21,False,64.61531438488386
5570,<21,False,62.37622333679592
7857,<21,False,68.03252899312062
4648,>=21,True,67.90117491650575
5706,>=21,True,69.02490513341805
4664,>=21,True,68.30850744274187
5541,<21,False,64.47072685362335
6387,>=21,True,71.31723292180463
5986,<21,False,64.4722756184902
6538,>=21,True,67.9534314947875
2236,>=21,True,68.25497604211071
2623,<21,False,63.22258265120995
2186,>=21,True,64.88494942107
2229,>=21,True,65.87635708787553
5988,>=21,False,70.907076309949
4414,<21,False,67.00058217921129
7341,>=21,True,71.10885879004923
7944,<21,True,64.0017543337109
2755,<21,False,69.38560397939112
4365,<21,False,67.92992557374393
4990,<21,True,63.68130064671396
6744,>=21,True,68.65115772114508
2957,<21,False,65.84878314884796
5326,<21,False,59.7650072230899
4768,>=21,True,70.21936593358001
2199,>=21,True,69.75213936423712
6749,<21,False,66.43998666599822
6237,<21,False,62.493743524539525
2121,>=21,True,71.35125161362309
5817,>=21,True,67.24182193398906
3528,>=21,True,69.71088966618908
7465,>=21,True,65.79646277304855
5626,>=21,True,68.27347839124369
3002,<21,False,69.13589552903738
2720,<21,True,64.84461586686749
6397,<21,False,64.55579422348768
2235,<21,False,58.07609026276707
6332,>=21,True,70.96631445887975
3501,<21,False,63.61646694968562
2018,<21,False,65.51380146336359
5619,<21,False,62.65608404893799
2816,>=21,True,70.86908454090444
6758,>=21,True,71.94779796476796
4520,>=21,True,68.46353148272951
7817,>=21,True,71.09467028725007
3219,>=21,True,70.19254968727083
7042,<21,True,64.6608526688359
7061,>=21,True,67.43911591350071
3840,>=21,True,70.57915438395698
6813,<21,False,65.50530953329574
7279,>=21,True,69.8937946288496
3480,>=21,True,67.47080438474102
4062,<21,False,66.46671846870413
3463,<21,True,63.92937771268102
5920,<21,True,63.77148855473071
7201,<21,True,64.91396102802959
3100,>=21,True,68.17374698981932
7208,>=21,True,70.04852560771265
3038,<21,True,63.992772101714024
5497,>=21,True,68.6681489845708
4505,>=21,True,73.36044624734544
6639,<21,True,61.797944255332034
1854,<21,False,70.8726669430116
7618,<21,False,66.06400056171042
6013,>=21,True,69.47504090841524
4986,<21,False,62.54848578481435
4012,>=21,True,66.55929792654499
4073,>=21,True,68.1262581922761
5550,<21,False,63.69073859674812
2690,>=21,True,63.790957703197684
5172,<21,False,64.0972578283238
5245,>=21,True,69.83063806417768
5413,<21,False,64.80243207059806
5926,<21,False,72.10151031880474
8190,<21,False,68.2260710169183
6731,>=21,True,71.64608690004478
3699,>=21,True,69.04529262241253
2632,>=21,True,67.58091586784332
4824,>=21,True,70.61691572640088
4172,>=21,True,71.01118885467494
7401,<21,False,62.846815090515825
3671,>=21,True,67.67620478422015
4057,<21,True,63.97474966725612
7921,>=21,True,66.66742732877138
4006,>=21,False,71.51417014031135
6344,>=21,False,72.64060909738204
3759,<21,False,67.08702145127027
5007,<21,True,63.904483189956395
3549,>=21,True,74.38393309337643
4552,<21,False,69.09861724510141
8132,>=21,True,67.6959759296801
7058,>=21,True,71.90388680570693
2013,<21,False,64.6713615637319
8059,>=21,False,71.01083391221124
4126,>=21,True,64.94541695822738
4068,>=21,True,68.36982827348209
2054,<21,True,62.53891691778482
2222,>=21,True,65.25799206877528
2472,>=21,True,72.31882318021871
8062,>=21,True,69.42152436205707
3817,>=21,True,68.61535364989803
7880,>=21,True,69.37231961969424
5595,<21,False,68.87111338785512
7809,>=21,False,73.26122056344316
4106,>=21,False,76.19404627362852
5193,>=21,False,69.8961648907399
2933,>=21,True,69.70669037361355
6624,>=21,True,65.13813352034641
7852,>=21,True,65.04835378363032
2338,>=21,False,69.38814480063668
1997,>=21,True,68.19596323995678
2759,<21,False,70.2555075196636
1911,<21,False,66.9262550095585
1903,<21,True,64.93936313665024
5976,>=21,True,71.08439625316686
6084,<21,True,62.70755962799278
4682,>=21,True,70.49008640825703
4772,>=21,False,73.19344721199224
6163,<21,False,62.61406812997517
5046,<21,False,66.78303214058936
3761,<21,False,64.59792673938959
3584,<21,True,63.25704378136561
2949,>=21,True,71.63736893293188
8141,<21,False,61.91102562391987
5196,>=21,False,69.7581040611596
4108,>=21,True,67.87967029339798
7412,<21,True,63.38952134384149
7740,>=21,False,66.4855018748734
2809,<21,False,64.5468120517142
6591,<21,False,68.78190020226634
5317,>=21,True,69.0273036261893
5439,>=21,True,67.18454518935603
6724,>=21,True,66.37312869594093
5849,>=21,True,72.94236166037408
6655,>=21,True,67.73106916947972
5653,>=21,True,63.471533183232545
2769,<21,False,69.99508034734774
3919,>=21,False,70.68186342337373
3622,<21,True,62.457568692001246
2478,<21,False,67.47834060170548
6514,>=21,True,69.76937646114192
5215,>=21,True,70.55347392382322
3341,>=21,True,70.45393988226539
5293,>=21,True,69.91028014655167
7199,>=21,True,71.39079527822902
3801,<21,False,62.49549220613026
6293,>=21,True,66.46648756508469
1890,<21,False,72.6954950379474
5975,>=21,True,70.28851152482497
7876,<21,False,67.34037600346096
6244,>=21,True,69.83280730208597
7456,<21,False,66.35813706334741
7168,<21,False,67.00096546377327
2854,>=21,False,69.67316897765251
3947,<21,False,61.35639289077036
8181,>=21,True,68.34730972593317
2414,<21,False,62.6479094321238
5468,>=21,True,68.32168852791435
5342,>=21,True,68.30268066996413
4270,<21,False,67.6630272373924
5761,<21,False,66.14002664528721
4175,<21,False,65.67840735134543
3642,>=21,True,71.28303391490947
2262,>=21,True,68.97339041315404
5206,>=21,True,70.34048011230243
4295,<21,True,63.03658866326292
3498,>=21,True,68.23249563132327
6925,>=21,True,69.00965322619659
7137,<21,False,69.077633854989
7479,<21,False,65.53551114406083
4292,>=21,True,67.30596903504143
2542,>=21,True,70.88214770692437
3115,>=21,True,65.18320373795116
6931,>=21,True,68.44901886397278
7348,>=21,False,71.28981404099062
6213,>=21,True,68.00925399851108
6273,>=21,True,69.573349550401
2374,>=21,True,69.18433357997412
4359,>=21,True,73.17674199070076
5503,>=21,True,71.31029557602533
3568,>=21,True,68.92991696684255
3887,>=21,False,72.11504125451066
5797,<21,False,64.7442673306406
7535,>=21,True,70.91824451031094
7860,>=21,True,68.86669804302565
8194,>=21,True,64.38486195146743
7339,>=21,True,71.48628744294582
3196,<21,False,62.945468349778515
5442,>=21,True,72.01841157124008
5065,>=21,True,73.56170207298506
6601,<21,False,67.7307677243099
5762,<21,False,71.38064312821285
7514,>=21,True,72.87055217982432
5124,>=21,True,69.25802671573338
2161,>=21,True,70.66890160090819
5055,>=21,True,72.0436773572644
5800,>=21,True,68.05746525567591
6342,>=21,True,70.94206074593158
4348,>=21,True,72.57349774293543
4953,>=21,True,68.28593372712194
5382,>=21,True,69.73407460290994
2912,>=21,True,73.26344107358722
4438,<21,False,63.903687588825456
3902,<21,False,57.28411459182962
7165,>=21,True,72.64689442569697
5603,>=21,True,67.55269484694108
6366,>=21,True,68.36300753908583
7293,>=21,True,67.41957357467567
7166,<21,True,65.29879734767103
5694,<21,False,71.41293389005156
3295,>=21,True,68.30824959818179
3540,>=21,True,68.78143224517923
6495,<21,True,65.14590767102742
4587,>=21,True,68.28383171983825
4810,>=21,True,70.12610773314736
4074,<21,False,67.69335416034947
4019,<21,False,64.66730499264868
7965,>=21,True,68.51569816726743
5049,<21,True,63.531156994495284
5545,>=21,False,68.4497807827672
3193,<21,False,57.679327235552734
6482,<21,False,67.26803744391421
4601,<21,False,63.25401901214687
3141,>=21,True,66.53517703314766
2402,<21,False,69.30947364840813
7071,<21,True,65.21010914981555
6771,>=21,True,67.82534488587535
3242,<21,False,67.08790426372427
7167,>=21,True,66.77894897281804
7800,>=21,True,71.38408576169319
6023,<21,False,64.41034066904888
4155,>=21,True,67.79230691272716
5162,>=21,True,66.883642955972
6876,<21,True,63.92786462950129
2311,<21,False,62.04652701934208
6117,>=21,True,72.39611952067419
6670,>=21,True,72.19109612306585
3936,<21,False,62.479147676902585
5405,>=21,True,64.88522791876564
6644,<21,False,71.5495476151229
7144,>=21,True,67.96454022262105
6355,<21,False,60.058254127525274
7577,>=21,True,71.1543299811433
7326,<21,False,64.69678397883123
7195,>=21,True,68.42724631738636
1952,<21,True,63.86362564249748
6448,<21,True,65.43535142646323
2379,<21,True,64.72746074415592
3167,<21,False,67.60734477541024
3487,>=21,True,71.17300613259596
3543,<21,False,69.88285028941459
5322,>=21,True,71.66994769208931
6718,<21,False,64.83985618624894
4163,<21,False,64.58111359695428
6141,>=21,True,71.66817553515604
4628,<21,False,66.65312182395569
3270,>=21,True,66.57375937065271
4164,<21,False,68.85498873531375
4352,>=21,True,64.7002729156457
6286,>=21,True,71.74986172543987
7255,>=21,True,67.95191085990014
2829,>=21,True,66.14625579678123
3971,<21,False,61.89184900297926
2713,>=21,False,72.38968608644244
3816,>=21,False,69.80866726617218
4490,>=21,True,70.79840132674406
7252,>=21,True,69.72102760338134
6549,<21,False,64.14020868908909
1908,<21,False,68.83500179071112
6952,>=21,True,68.82076537284793
2670,>=21,False,67.85906183538167
8088,>=21,True,68.3749286419613
5023,>=21,True,66.21556865068445
5190,>=21,True,70.4507618844526
7487,>=21,True,70.69379630049265
6027,>=21,True,68.25617964957563
1898,>=21,True,69.66601961336774
2107,>=21,True,66.47650683162844
4147,>=21,True,67.13604659948227
5012,>=21,True,68.96636775237783
7145,>=21,True,72.86070883776554
3580,<21,False,67.63839435877962
2304,<21,True,66.06367911174885
7336,>=21,True,68.83287971094765
2824,>=21,True,68.82339218026058
4897,>=21,False,71.23488243630506
7379,>=21,True,72.32613163424747
6915,<21,False,62.83402186515656
7364,<21,False,65.04311677753054
3873,<21,False,65.35622278975637
6551,>=21,True,69.31259697744736
7826,<21,False,66.56218709270944
5306,>=21,True,65.66108637913952
4539,<21,False,66.23553841256958
6230,<21,False,64.09400721708079
2220,>=21,True,72.65546461251989
3101,>=21,True,66.9101539163028
4886,<21,False,66.51433429247854
2585,<21,False,64.44588886031279
3765,<21,False,68.37182544997695
3667,>=21,True,71.59637202173604
4026,>=21,True,69.05169568262605
6873,>=21,True,67.25122372345406
4421,<21,True,64.03264933312927
6059,<21,False,68.71915639694842
4614,>=21,True,68.02617289931823
5462,>=21,True,69.38362487639077
4061,>=21,False,72.33468248508053
4514,<21,True,63.73687679244672
3920,<21,False,65.4963397423455
7861,>=21,True,66.86967233066004
6568,<21,False,64.52133905138123
1855,>=21,True,68.32930706517837
6866,>=21,True,66.89894612972186
4089,<21,False,65.46101834216272
5701,>=21,True,69.60654883682211
4332,>=21,True,68.0251804684346
4286,<21,False,63.677417122962616
5028,<21,False,66.01411431147712
5421,>=21,True,67.00216609660374
2198,<21,False,66.21058351647186
3018,<21,True,64.11486845496292
6476,<21,False,63.01517139657949
5847,>=21,False,74.8511998335901
6992,>=21,True,67.03708695739792
3718,>=21,True,69.06823277767018
2696,>=21,True,69.75009081309476
7411,<21,False,57.030660381262
7572,<21,False,67.71071071345798
5177,>=21,True,67.75183132998801
3063,>=21,True,68.80013772095178
2794,<21,True,64.81101418446328
3798,>=21,True,68.03179903601259
6015,>=21,True,68.09269798234979
2844,<21,False,64.90711882698626
5637,<21,False,59.315544052957804
5018,>=21,True,69.0363484648028
2722,<21,False,67.81722923847288
3404,<21,False,67.29359622387148
2274,>=21,True,70.6358918948832
3748,>=21,True,67.71754939429468
8041,<21,False,70.69555574099498
6151,<21,True,63.06992463999413
5865,>=21,True,66.55685032417598
4927,>=21,True,69.41021400588318
4753,>=21,True,69.40736489672142
4383,>=21,False,67.96016105003699
7818,<21,False,69.99478186446684
7287,>=21,True,69.73456843316724
5058,<21,False,67.19379916551293
5070,>=21,True,73.1526767550157
4053,>=21,True,65.28580924114716
6810,<21,False,72.08246409890215
6578,>=21,True,71.64380005405877
8128,>=21,True,70.28142440387055
4129,<21,False,64.71601189896927
5580,<21,False,67.08889261029523
3321,>=21,True,68.89331679872843
6132,<21,True,62.997986884280344
5105,<21,False,67.7773940024768
2139,>=21,False,68.62225787172281
4630,<21,False,63.57100088093971
2358,>=21,False,72.12986094034825
6291,>=21,True,64.64776720456454
7894,<21,False,64.6338857677603
8086,>=21,True,66.2553143702698
2826,<21,False,62.65446907590552
1978,>=21,True,68.26567196665158
6029,>=21,True,68.34618201689703
3925,>=21,True,68.2614944282429
7945,<21,False,68.5495715334035
6093,<21,True,63.45548821520292
5360,<21,False,68.3397109389879
7001,<21,False,65.80893047156749
2932,>=21,True,68.74532594612508
4043,<21,False,65.08798462855276
4667,<21,False,68.0887861530873
6794,>=21,True,67.16241423375129
6763,>=21,False,74.76530953991407
4923,<21,True,64.13697168574387
5390,<21,False,70.78616016821671
4515,<21,False,64.54258529270739
5726,>=21,False,70.93137263062269
3708,<21,False,66.32289574108991
6646,>=21,False,73.79575327397674
2867,<21,False,67.8769054765205
8162,>=21,True,74.09176993454861
7299,<21,False,69.97566944790168
6365,>=21,True,66.1317963235464
5563,>=21,True,65.5609569692378
7301,<21,False,69.56817699931203
7006,>=21,True,69.14457508372038
7777,>=21,True,69.18124009645052
4805,<21,False,68.67578476546197
7122,>=21,True,69.74809470287815
2439,>=21,True,69.04126932050013
2276,>=21,True,70.7303706720526
7838,>=21,True,69.03466506560747
5950,>=21,True,72.5482458924624
5353,>=21,True,64.81792761203529
7485,>=21,True,66.92847939508012
4644,<21,False,72.21056140445802
5660,<21,True,63.37888057291984
6583,>=21,False,69.28659224832948
5097,>=21,True,72.50351404555286
6070,<21,True,65.03481368206556
6449,<21,False,61.02090303945547
1951,>=21,True,70.08084975133441
5913,>=21,True,68.72399039454683
4028,<21,False,63.382514869917024
5085,<21,False,67.73449585763159
5378,<21,False,69.19049012920229
2372,>=21,True,65.43272387931938
7346,<21,True,64.43493419654031
5869,>=21,True,69.55321558268972
3995,>=21,True,68.34511099445389
3090,<21,False,64.00629600213475
5739,<21,False,68.88714872432372
5102,>=21,False,70.17711510296957
4716,<21,True,63.64145532964884
4896,>=21,True,70.63974858260195
4613,>=21,False,68.8794561920202
4225,<21,False,69.34535194154927
7193,>=21,True,71.5036201389796
2556,>=21,False,73.97288774369787
3301,>=21,True,70.14181138390944
6939,<21,False,60.35846015984412
3561,>=21,True,69.87421894605622
3245,>=21,True,67.83833538199639
7681,<21,False,62.622559442296236
5537,>=21,False,71.26937636473113
2148,>=21,True,68.00187847827117
3254,>=21,True,69.32276413957493
4434,<21,True,63.938055856800496
5598,<21,False,67.7681119396048
6752,<21,False,71.97976376532142
7598,>=21,True,69.69603659315221
2112,<21,False,63.938517931484846
5289,>=21,False,69.25572749787023
4649,>=21,True,71.2590348867907
6588,<21,True,64.35397866009393
3398,>=21,True,68.24687204679256
5100,>=21,True,66.43645022566177
5892,<21,False,61.762812985698204
6808,<21,False,68.97131103129895
8188,>=21,True,66.44265334547893
5677,>=21,True,69.02941333738121
8110,<21,True,63.92905621316211
6168,>=21,True,70.0181185229456
6840,>=21,True,67.74104937049573
5781,>=21,True,68.03646048250943
8066,>=21,True,69.49286166702937
2510,>=21,True,66.87390717310413
2725,<21,False,65.76401752711236
5250,>=21,True,66.99362006909433
2900,>=21,True,70.7590598485145
6004,>=21,True,73.33190572189795
3806,<21,False,65.97323523052758
6638,>=21,False,74.03621892423006
2488,<21,False,64.25147533920106
6175,<21,False,66.81411244712532
7218,>=21,False,70.6581552131185
2968,<21,False,64.94353548508272
2041,<21,True,64.34738552927732
5229,<21,False,63.47421506107632
3664,<21,True,64.75052037312273
7249,>=21,True,69.69401257773764
5818,<21,False,61.87654969901493
3309,<21,False,62.361527679064466
3863,>=21,True,68.96173493264534
5318,<21,False,69.49850866008715
2691,<21,False,60.63314601881871
3559,<21,True,64.29906497710948
2566,<21,False,70.7900470327132
4737,>=21,True,68.97319212759412
4583,<21,False,62.49874821993113
5088,>=21,True,66.38025751155807
7737,<21,True,66.19037972759
3059,>=21,True,66.54296705386734
8161,>=21,False,67.17314015571974
7742,<21,False,62.31693773093844
6239,<21,False,66.40882272129954
4710,<21,False,67.181536223167
7263,<21,False,71.62342210598351
6922,>=21,True,70.13771195065327
6839,<21,False,63.5758741706587
6074,<21,False,67.79805479468872
4770,<21,True,64.98195589588443
5644,<21,False,57.414852758192815
5704,<21,False,65.30800296177209
2976,>=21,True,68.36204008158975
7463,>=21,True,70.30407826503941
2939,<21,False,65.0209602995336
3516,<21,False,68.13650783334111
5655,>=21,True,67.34370559190992
5883,>=21,True,68.97532974083448
2509,>=21,True,66.8535411830332
7303,>=21,True,70.07654319730493
3981,>=21,True,71.82678495544043
7150,>=21,True,68.63940135854209
4133,<21,True,64.01465907157913
1936,<21,False,62.669058175757485
4602,<21,False,72.22372552964605
2173,>=21,True,68.68020483127059
2861,>=21,True,71.31401554901136
3181,<21,True,64.32566246497097
5059,<21,False,64.15906718342384
4465,>=21,True,67.37479371700911
4358,<21,False,66.40602498858823
4054,>=21,True,66.76144270727744
6188,<21,False,64.12817140300551
4136,>=21,True,66.63891002662163
6126,<21,False,63.96399839139771
5722,<21,False,64.2349368965643
6097,>=21,True,75.0307131073784
7369,<21,False,66.84292934448787
7283,<21,False,69.11723575824129
2764,<21,True,64.75636893967824
2443,<21,False,62.69350195094195
3282,>=21,True,66.45119168710966
3750,>=21,True,72.66282245084594
2324,>=21,False,69.27224979162166
5542,>=21,True,70.05135458534171
5035,<21,False,60.36785507894807
2575,>=21,True,68.22237916284297
4725,>=21,True,67.71108253398343
4626,<21,False,67.03095111346757
3122,>=21,True,71.47420266420968
8042,>=21,True,67.90813924042267
5856,>=21,True,66.46322090923438
7536,<21,False,67.95093300452919
7829,<21,False,62.550067526317946
7810,>=21,True,66.74496982111403
3044,<21,True,63.49190146781344
5163,<21,False,62.73520461184517
2876,<21,False,69.86407302966245
6753,>=21,True,72.41778354464897
6680,>=21,True,69.4838526322666
2159,>=21,True,67.46788947898894
4629,<21,False,66.18529101413216
3793,<21,True,63.67440574137831
7132,>=21,True,65.84442610121928
3139,<21,True,63.2201951256439
1848,<21,False,70.41904797134069
6643,<21,False,59.937274040161356
5469,<21,False,66.20965317506898
2137,>=21,True,71.33870096131912
2739,<21,False,69.18281344059888
3570,>=21,True,66.68687767996192
4779,<21,False,66.95152997677383
7978,>=21,True,68.27784125141288
4400,<21,False,69.86050851315164
5437,<21,True,65.2125668104254
4296,<21,False,63.678536336533
4141,<21,False,61.15418412372607
7510,>=21,True,70.5579125983411
6773,<21,False,61.25773334600661
7009,>=21,True,70.16271904345845
3047,>=21,True,67.45743984048823
3428,>=21,True,69.75377938878212
3379,>=21,True,68.74113180547907
5584,>=21,True,66.48910249136472
5276,>=21,True,68.77040231491213
6409,>=21,True,70.06211756147867
7750,<21,False,63.20439683461161
7703,<21,False,69.37402999125278
2954,<21,False,73.11020555413863
3661,>=21,False,68.15839598303981
2645,<21,False,69.15690668232489
5512,<21,False,62.54557502443986
1897,>=21,True,71.94614100507054
6473,<21,False,69.17188372434255
4843,<21,False,67.7820803075759
6909,>=21,True,71.46760209308621
8154,<21,True,65.21636296811278
2475,>=21,True,66.25712854747202
2902,<21,False,58.19251170045623
4759,<21,True,64.27419012844142
7550,<21,False,60.282382208552235
5282,<21,True,62.864207722234845
5283,<21,False,69.48223253660558
6401,<21,False,67.34905154954137
2266,<21,False,64.30568331556024
7575,>=21,True,69.79664592769971
6951,<21,False,66.21587496772763
6185,>=21,True,68.20074597971299
3360,>=21,True,70.00713593812306
6039,>=21,True,67.47831723034547
1863,>=21,True,63.452377005039956
4216,<21,False,63.58211461114971
4962,<21,False,60.415306644389716
5337,>=21,False,72.48643728827864
5135,>=21,True,70.07680298934518
2668,<21,False,67.45906499010663
3124,>=21,True,70.18073873865241
7176,>=21,True,67.90410700741049
5529,>=21,True,67.8574141633024
2514,>=21,True,67.59693747326682
6377,<21,False,62.60625715682611
4595,>=21,False,71.84293087292342
6461,<21,True,63.277994608641144
5821,<21,False,65.80987339293836
2597,<21,False,63.85728812865159
4213,>=21,True,69.7951501632057
6658,<21,False,68.30086237709777
6124,<21,False,63.20148185647742
6112,>=21,True,72.58518265922687
4341,>=21,True,67.93431699502828
7682,>=21,True,72.46124077533713
6368,>=21,True,70.61266521486309
4153,>=21,True,68.43841266101154
6407,<21,False,64.46639736492678
5010,<21,False,65.88412521208903
5599,>=21,True,70.46567885039246
3449,>=21,True,70.85710936749231
6311,>=21,True,69.0585132141258
7897,<21,False,56.98931175020796
7695,>=21,True,69.55990806301185
4239,>=21,True,71.40784171937099
3096,>=21,True,72.41614872246454
3747,>=21,True,68.07021130496548
3828,<21,False,71.30076594194719
4989,>=21,True,69.27945245429767
5243,<21,False,64.13542083637975
2293,>=21,True,67.19757040101854
1996,>=21,True,65.83509815054083
2673,<21,False,64.9705927677945
2640,>=21,True,67.95112211834459
3518,<21,False,64.29263457382774
2790,>=21,True,67.49194375036313
4435,>=21,True,71.07595626998037
5397,>=21,True,72.5750256186195
5573,<21,True,62.6312606291548
7037,>=21,True,72.5939982478224
3129,>=21,True,68.62581000024018
2701,>=21,True,74.17849583046241
4724,<21,False,62.92353238653192
3905,<21,False,65.25764373659143
3128,>=21,True,68.89944689404996
4958,>=21,True,67.87091227312672
2571,>=21,True,68.73668643771558
5624,<21,False,68.58613151025146
4272,<21,False,66.54521007527391
7715,>=21,True,68.69734921899882
6649,<21,True,64.26018828528355
4325,>=21,True,69.91194221280882
1967,<21,False,68.16386126697415
3329,>=21,True,64.584545732322
5727,>=21,True,67.13653500354249
4034,>=21,True,70.53044590356046
1980,<21,False,65.35291421850532
6162,>=21,True,68.30557650428668
2314,<21,False,67.87355968612303
2678,<21,False,66.966740971956
2766,>=21,True,69.89903245174636
4248,>=21,True,69.59440043570811
6933,>=21,True,69.37021367825503
2875,>=21,True,71.3691202542213
8002,<21,False,72.40365085824327
7644,>=21,True,71.17083645643524
3396,>=21,False,73.29327505532281
4549,>=21,True,68.94924195176786
2452,<21,False,65.5117643789405
2046,>=21,True,72.39469856404298
5323,>=21,True,67.34577109092398
7499,>=21,True,70.68644918264259
5419,<21,True,62.55918529319332
8186,<21,False,64.3114484752822
3703,<21,False,64.328530862053
2700,<21,False,69.41040707152656
4900,<21,False,65.58504825879942
7435,>=21,True,72.5070807957513
2758,<21,False,62.856503916567696
2468,<21,False,64.96299643677894
6287,>=21,False,70.55067685592206
6720,<21,False,66.01655494384927
6271,<21,False,65.28038388987984
6637,>=21,True,65.22730367230996
3922,>=21,False,68.8534201790369
3701,<21,False,56.7646646617893
6811,>=21,True,68.59211993621055
3588,>=21,True,71.96456710351877
3601,<21,False,70.38015053759165
4688,<21,True,63.876070893672946
7625,>=21,False,69.59397802098833
5987,<21,True,65.11255447322732
3286,>=21,True,70.43626801773063
4177,>=21,True,69.70688754220515
6867,>=21,True,69.25506550222788
3945,>=21,True,65.57989546542028
5403,>=21,True,72.03657762771284
1914,>=21,True,68.00936140787755
6252,<21,False,62.93706049062264
4429,<21,False,67.47794699320676
6928,>=21,True,69.27263714881488
3716,<21,True,65.44948819124853
4101,>=21,True,68.3230481713013
7502,<21,False,68.88922316471348
8029,>=21,True,71.05321289890972
3459,>=21,True,68.20112131744546
5693,<21,False,66.75955116836424
6814,>=21,True,68.3089287609578
6900,<21,True,65.50504545498481
7008,<21,False,63.59700592119582
4235,<21,True,65.02227551673937
2253,>=21,True,74.24296520371782
6886,>=21,True,66.93966245929819
5820,>=21,True,71.08187948760212
5837,>=21,True,71.65596898107523
3854,<21,True,63.100514725743004
7960,<21,True,63.150770505981214
5779,<21,True,65.02768455026805
3510,<21,True,62.85409386319887
3204,>=21,True,62.308828056615724
7437,>=21,True,67.64340301993207
4445,>=21,True,66.14491034334841
7471,>=21,True,69.38743610387968
4906,>=21,True,70.11268928817478
7507,<21,False,60.7080580089373
4803,>=21,True,71.70597560851915
6830,<21,False,67.0937578639973
5108,<21,False,69.60912005560472
2129,<21,True,62.19989478039139
2190,>=21,True,68.87180964955925
3918,>=21,True,67.90080815402959
2298,>=21,True,67.47589791072211
7462,<21,False,66.90023719141043
6005,<21,False,64.99334769678569
2823,>=21,True,67.52224499840979
3676,>=21,True,69.78583262419247
3714,>=21,True,70.34774965450232
8043,<21,True,64.03112910662219
4656,>=21,True,71.24894093278544
2773,<21,False,63.19828983580011
6331,>=21,True,67.35466750536453
4305,>=21,True,68.35539161662359
3812,<21,False,60.440118865884756
2123,<21,True,63.53127175178615
7983,<21,False,66.41886283804338
6149,<21,False,59.91907851562797
3442,>=21,True,69.7789139722774
4231,<21,False,65.47125698141846
5106,<21,False,62.815273705462694
7520,>=21,True,68.73197739886606
6949,<21,False,68.63998597319168
5630,>=21,True,70.58941932655058
5938,>=21,True,71.010844338366
3626,<21,False,65.01740841460997
6281,<21,False,66.09621566912503
3975,>=21,True,71.54094087708478
6510,>=21,True,72.40761894781437
3322,<21,True,64.68212214030756
4969,<21,False,62.10630264112803
6944,>=21,True,66.16722570317442
8155,<21,False,65.86845502237672
4967,>=21,True,67.62069160150638
6804,>=21,True,70.2176006891557
7939,<21,True,64.59116323111284
5486,>=21,True,65.8642376326622
7808,<21,False,67.3447500856442
5171,<21,False,63.89485913017206
3055,<21,False,68.57682981508738
5884,>=21,True,68.7659569087123
7642,<21,False,60.940739218714164
7802,>=21,True,66.58850452895037
6505,<21,False,66.38719823212186
3663,<21,False,67.62568288980475
5292,<21,False,61.89501447884789
6564,>=21,True,67.73955032436555
5173,<21,False,62.88044075605781
4687,>=21,True,67.9628934875785
2270,>=21,True,69.22362953528952
5684,>=21,True,67.95019571162906
2410,<21,True,63.62301955215246
6456,>=21,True,66.56894480653584
4898,>=21,True,65.85141630127076
5275,>=21,True,69.76394420145598
3719,>=21,True,70.46166552865999
2331,<21,False,67.61382869943047
6220,>=21,True,72.86553987254675
2034,<21,False,69.10992507637057
3265,<21,False,61.63365535836224
2295,<21,True,64.58676053794706
3507,<21,True,65.40774272174791
8153,<21,False,61.15902483625983
5620,<21,False,68.59516485399229
7357,>=21,True,67.7027124132182
4870,<21,False,66.3021545459164
3005,>=21,True,73.82984108643035
4987,>=21,True,67.58258901711802
2349,>=21,True,70.56123120581208
2111,<21,False,66.44409413657144
6123,>=21,True,66.33778698649004
5426,>=21,True,67.82512274905645
7786,<21,False,67.90800397973489
6861,<21,False,65.09918870320139
2118,<21,False,65.33229778804412
6087,>=21,True,66.94109520611492
4098,>=21,True,69.67961220785995
5551,<21,True,64.09836131183835
6439,<21,False,63.34875671839533
7870,>=21,True,70.84713649278677
7177,>=21,True,71.19564717437927
3366,<21,False,64.72222582183016
7048,>=21,True,66.29208789130287
2133,>=21,True,66.39706522566128
5264,>=21,True,65.022792649137
5205,>=21,True,71.60536710951706
4298,>=21,False,71.54858062913183
2370,>=21,True,70.48492295263371
8030,<21,False,67.28691807190782
5903,>=21,True,66.98218741493316
4338,>=21,True,71.03365873834595
6604,<21,True,66.80285094004637
2001,>=21,True,70.06068660132195
5095,<21,False,66.79788449519977
7626,<21,False,68.3164181301876
3875,<21,False,64.6656163290063
6797,>=21,True,70.56081511015489
7308,>=21,True,67.24695227808334
7534,<21,False,65.21413129363144
7982,<21,True,64.36790575431662
6072,>=21,True,69.40044399956133
2567,<21,True,66.13908597348676
8044,<21,False,66.83937210903898
5697,<21,True,63.00440907504458
6705,>=21,True,70.65670045500086
7104,<21,False,66.73485199236245
7701,>=21,True,69.4128360664013
2361,<21,False,67.10348699758921
5407,>=21,True,67.6421115881937
6762,<21,False,63.53291828629797
6877,<21,False,65.14516504017486
7306,>=21,True,73.43983583088131
7932,<21,True,63.79060891620046
6107,>=21,True,69.08868808263813
6382,>=21,True,68.35699745652141
3267,<21,False,62.46710871910848
4300,<21,False,68.3000861561274
2502,<21,False,69.33909864018595
3424,>=21,True,69.26712498208744
3447,<21,False,66.83232925886763
2378,>=21,True,69.93860357663706
6533,<21,False,66.7335120919673
3198,<21,True,64.37721700417039
4112,>=21,True,69.03258933591904
4121,>=21,True,71.8662170924604
7615,>=21,True,69.79807303722261
5850,<21,False,70.5115788275205
3258,>=21,True,68.10895565366066
7574,>=21,True,67.53705098211242
7484,>=21,True,70.67157368132229
7958,>=21,True,65.59579869221128
2770,>=21,True,65.9896222247128
7552,>=21,True,68.46923197544689
6513,>=21,True,69.57785454610259
1886,>=21,True,66.16000258725397
2067,>=21,True,73.15713907795647
3104,<21,False,60.06126064365685
8127,>=21,True,72.30347361970838
3830,<21,False,64.47952697287067
3643,<21,False,75.27270722443964
4402,<21,False,64.1383568761157
4375,>=21,True,66.14084967554078
6113,>=21,True,70.32550531490256
6017,>=21,True,67.6190641569194
8026,<21,True,63.89110247015343
4436,>=21,True,68.71968893019569
7919,>=21,True,67.67832604309746
5780,>=21,True,65.71066801757162
7911,<21,False,69.60228120994876
2345,<21,False,67.18169293718947
5074,>=21,True,69.19728074912254
7646,<21,False,66.53087358200773
6854,<21,False,66.14825948374708
5213,<21,True,64.90766095242058
4360,<21,False,64.2664595155241
5937,<21,False,62.827467400989356
4047,<21,False,64.81505928078494
2947,>=21,True,68.22556309690096
5513,<21,True,65.069772605719
3074,<21,True,63.659263338210295
3632,>=21,True,69.00749757364706
2605,<21,False,63.20624473359791
7138,>=21,True,70.7358566527721
4704,>=21,True,67.73703678272615
4483,<21,False,65.65359010339994
5887,>=21,True,70.73933139343666
2518,>=21,True,68.38332806796447
5996,<21,False,65.13832649025238
8144,>=21,True,68.80194721957969
3077,>=21,True,69.52214022214712
2545,<21,False,63.818326949603055
1963,>=21,True,68.47691813943933
4313,<21,False,72.15793988716791
3940,>=21,True,74.25574900311308
7948,>=21,True,71.72001350935926
2149,<21,False,67.55642378994742
7869,<21,False,69.7246496207262
7416,<21,False,67.19267457999374
5888,>=21,False,72.27667067609381
7541,>=21,True,67.83039008292214
7819,>=21,True,71.3658335761222
6501,<21,False,65.76845993609432
7928,>=21,True,69.98538901230724
4801,<21,False,65.74579891852001
2675,<21,False,65.46285411886927
4543,<21,True,63.94730180678163
3599,>=21,False,72.66904263222382
4864,<21,True,64.10831272975882
4694,<21,False,62.63425712143167
2572,>=21,True,70.22992286500131
7888,>=21,True,68.6089217888614
2950,<21,False,70.42187328230467
6215,>=21,True,70.1885078381993
5859,>=21,True,71.43633238889595
8070,<21,True,64.4387610920834
6669,<21,False,67.5870285969976
3145,<21,False,67.78712309627574
3000,<21,False,69.46427942703282
6309,>=21,True,69.50953221020178
2506,<21,False,66.43802620598265
3445,<21,False,62.703610381986124
6976,<21,False,66.5766872788773
6081,<21,False,65.39614654074275
3248,>=21,True,69.16514998526934
5742,<21,False,65.48317692893355
8092,<21,False,65.92730724407704
4109,<21,False,64.90920065751297
3856,>=21,False,71.48032456579578
4244,>=21,True,68.89689901365296
4760,<21,False,63.53620125386649
3578,>=21,True,68.4104719142565
3088,>=21,True,69.71503363322667
3923,<21,True,62.98385750013132
2813,<21,False,66.35314155982324
2870,<21,False,70.36984440646599
2134,>=21,True,70.9871749797585
6064,<21,False,63.645195976715996
6868,<21,True,63.39916893342597
7586,<21,False,69.32011455504798
7506,<21,False,64.58893206014056
4257,>=21,True,72.1629766118541
6511,>=21,True,71.02847525628307
7652,<21,False,68.62119242967886
7156,>=21,True,67.39447286051077
6050,>=21,True,70.00612795235173
7139,>=21,True,71.56305169149003
7305,<21,False,66.3944106010275
5872,>=21,True,69.57721247343035
7954,>=21,True,73.69591394052577
5530,>=21,True,67.08855006858116
5475,<21,False,65.21881514154597
5165,>=21,True,73.32722043308398
3636,<21,False,73.66281009842915
7121,<21,False,71.91170016693366
5316,>=21,True,68.41389635373739
3692,>=21,True,67.5408937878762
7595,<21,True,63.24913048352396
7814,<21,False,66.65218094756078
5673,>=21,True,73.3110307843271
4199,>=21,True,72.1085516368884
2412,>=21,True,69.43823809346127
4707,>=21,True,69.08019411738333
3123,>=21,False,74.01561018361609
4183,>=21,True,64.26063254180711
1871,<21,False,73.51368667652119
4067,>=21,True,71.7180085789017
8061,>=21,True,72.15148276833514
2889,>=21,True,67.38042373878298
3715,>=21,True,69.2152155934187
4605,<21,False,63.61509939677812
5011,<21,False,68.11303337558479
5525,<21,False,65.39236613405822
2341,>=21,True,69.3867541317726
3176,>=21,True,69.39360498849182
5812,>=21,True,70.41355178004879
6430,<21,False,62.94638513238795
3973,>=21,True,67.48581040082789
6554,<21,False,64.97595806329865
5719,<21,False,66.82677948730937
6627,>=21,True,69.61725128160444
5606,<21,True,63.01477623306187
2551,>=21,True,69.07040926054194
7708,>=21,True,65.96000389308578
6459,<21,True,64.00479123363291
7285,>=21,True,70.00580625463513
2855,<21,False,63.644248369758024
2527,>=21,True,70.72369202520807
6562,>=21,True,64.691095175705
3194,<21,False,67.32280382869793
4385,>=21,True,68.23367740043378
3896,>=21,True,69.6535821026074
7231,>=21,True,72.15019842610248
7453,>=21,True,70.42175969757207
7752,>=21,False,68.93461674645935
4701,>=21,True,69.72840844261258
7638,<21,False,66.00301470922054
6414,<21,False,62.67099156633372
3573,<21,True,65.71900727598182
7402,<21,False,69.88935797963539
1957,>=21,True,68.5207086278141
3468,<21,False,69.60951494392174
2525,<21,False,64.12580286081352
3472,>=21,True,69.74140418276083
3479,>=21,True,69.30624622035673
4581,<21,False,67.85360098392475
7441,<21,False,66.65956119281732
6245,>=21,False,70.89912852075686
6320,>=21,True,68.38276192692116
5864,>=21,True,69.76092281069138
7224,<21,False,63.1116817318435
2273,<21,False,68.58060322733459
4662,<21,True,64.50834168215847
3885,>=21,True,70.37781404473857
5478,>=21,True,70.36227782884895
4137,>=21,True,67.73767807476699
3512,>=21,True,68.64450054581309
7527,<21,False,66.81388923913512
4146,>=21,True,70.10429301251696
7765,>=21,True,66.72780405695126
2918,<21,False,65.1685993284145
4408,>=21,True,66.97587945289621
5417,>=21,True,68.89956440434409
7934,<21,False,64.37749594455362
5132,>=21,False,71.43473595755945
4430,>=21,True,70.77351064851501
5129,<21,False,66.38859521114037
5471,>=21,False,67.44829067106392
4448,<21,False,56.6621636464163
8200,<21,True,64.98669884909067
3310,>=21,True,70.05377747292421
6282,>=21,False,72.26328770832536
7565,<21,False,68.9076593311303
8185,>=21,True,71.19438566976918
3897,>=21,True,66.5397293272242
3655,<21,False,64.45473596044073
7539,>=21,True,69.47831655550884
3796,>=21,True,66.69055499381436
3553,>=21,False,67.12749191400087
7207,<21,False,63.40310169088409
3377,<21,False,65.22461902765167
3786,<21,False,66.84605367320852
7722,<21,False,64.09130233635648
8163,>=21,True,69.03916359381891
4355,<21,True,64.4345299648837
7107,>=21,True,70.64766207266386
2925,<21,False,67.53335928953418
2625,>=21,True,67.47352610356388
5652,>=21,True,71.23040984159282
2310,<21,False,65.28964386283391
5009,>=21,True,72.11880759730042
5101,<21,False,64.69419126682173
5192,<21,False,62.33747059562267
2083,<21,False,64.5467431217194
4363,<21,True,62.90751283667788
5844,>=21,True,67.85445316343566
3173,>=21,True,70.00490001264579
6207,>=21,True,65.16823084039878
7920,>=21,True,68.57710160254088
5674,>=21,True,69.20765543749461
7631,<21,False,64.22186140713085
6709,<21,True,65.22144573896335
7072,>=21,True,70.20981939439176
5331,>=21,True,70.94849517738837
6894,>=21,True,71.16684785883426
5657,>=21,True,67.75465958106706
2207,>=21,True,67.858699295446
7187,<21,False,65.58579472134325
3782,>=21,True,69.84154730684519
5209,>=21,True,67.16397732990437
4657,>=21,True,70.50094348630361
3244,>=21,True,69.82427121808536
5267,<21,False,60.21427703981287
6425,>=21,True,69.46448437065261
1894,>=21,True,72.45497000950074
2595,>=21,True,69.2169903196075
3869,>=21,True,68.7267472425537
6832,<21,False,70.7901659657137
7607,>=21,True,67.1588872416874
7853,>=21,True,69.39363901470846
5087,<21,False,62.612183799946436
2315,<21,False,65.75503778179791
6258,<21,False,62.024919469070475
2978,>=21,True,71.355158609711
7417,<21,False,65.81052844044314
5410,>=21,True,62.85136884556566
3142,>=21,False,73.52308526257093
3200,<21,False,62.98193467068126
4158,>=21,False,67.98461402521922
4622,>=21,True,71.79834931503544
2579,>=21,True,67.66098781448747
3669,<21,False,65.5398250135216
8085,<21,False,59.94222413839461
6666,<21,True,63.03932490876591
3998,<21,False,65.49381787656426
4333,<21,False,62.1602515925745
2649,>=21,True,65.4561357263415
3300,>=21,True,69.7083090032516
2131,<21,False,65.0878836744797
4745,<21,False,65.13384608600026
4739,<21,False,66.06787956995662
3825,<21,False,62.46994446985269
2043,<21,True,63.23318584043169
5698,<21,False,67.79912837931042
3325,<21,True,63.59672490652972
1899,>=21,True,67.83278163882319
2919,>=21,True,70.84124572706332
6971,>=21,True,70.20371195005434
2052,>=21,True,68.88554837700642
8001,<21,False,66.53420869403662
6652,>=21,True,68.17041258180326
3222,<21,False,63.079003244303856
2791,>=21,True,69.5784380677434
4700,<21,False,67.03186943423964
3001,>=21,True,70.70631301773035
7482,<21,False,65.59603576560589
4932,>=21,True,67.36568907221402
5535,>=21,True,66.93017693509049
7313,>=21,True,68.33551421875721
2752,>=21,True,67.20736544692919
6321,>=21,True,67.85718472373749
5520,<21,False,62.793253227948476
4709,>=21,True,71.76690958884946
2037,>=21,True,74.11528860468194
4767,<21,True,63.53227704961356
4076,<21,True,65.14528583871504
6329,<21,False,72.2782825593746
7455,>=21,True,74.05143472606764
6730,>=21,False,70.44568806906382
8145,<21,False,62.9526663784338
5995,>=21,True,68.63892261549515
6104,>=21,True,66.56380735031932
6349,>=21,True,69.5000095311557
6363,<21,True,64.03727737402447
6056,<21,False,66.78708795572894
3190,<21,False,68.89998985334813
5383,>=21,True,70.59416625969942
4695,<21,False,65.4274775053649
8056,>=21,True,69.03047453971982
3722,>=21,True,69.44714429066151
4782,>=21,True,69.63730672239437
5130,<21,False,70.91895783917248
5394,>=21,True,69.1385724237197
2633,>=21,True,69.97477163238274
4784,>=21,True,67.99077306688139
8115,<21,True,63.828042860871
6358,>=21,True,66.56827792210612
2656,<21,False,66.71251115388577
7779,<21,False,65.8779603208061
2385,>=21,True,69.49468440314993
7918,<21,True,63.84332050713112
4018,<21,False,68.06832571219654
2216,>=21,True,70.39800531006605
8047,>=21,True,69.13072058564089
4433,>=21,True,71.93914103853658
5838,>=21,True,69.35616981698155
4462,<21,False,66.24437275191181
6707,<21,True,63.241228076819816
7125,<21,False,73.9395758253988
7755,>=21,True,68.19410300528362
5816,>=21,True,68.45991564946267
6759,<21,False,67.77950800776377
7124,>=21,True,70.77248810920985
5123,<21,False,63.92241172455202
4461,>=21,True,70.9967242382012
4042,<21,True,64.76432189528961
7466,>=21,True,69.38641127790694
2364,>=21,True,64.26504275715047
7476,>=21,True,70.19013450990231
6555,>=21,True,66.18825768587162
3931,<21,False,66.16736501021781
6012,>=21,True,70.1081313865091
7277,<21,True,64.00455332486034
8031,>=21,True,68.7132951763917
2403,>=21,True,67.00176040633701
6548,<21,True,64.7522460044043
8016,<21,True,63.839476107807236
2281,<21,False,64.50758248469803
4245,<21,False,65.78671921252585
8039,>=21,True,66.59605482095013
5111,>=21,True,64.89659409051788
6248,<21,True,63.49224381675104
4467,<21,True,66.15871720235371
2775,>=21,True,67.27883375408808
3852,<21,False,64.86606116293513
6009,>=21,False,73.3845951539609
5828,>=21,True,71.95339764798723
5042,<21,False,63.150363378837994
7846,>=21,True,68.18686313702602
2847,>=21,True,71.72370499074412
5640,>=21,True,71.73649670403803
6592,>=21,True,66.20109075584915
5531,>=21,False,71.51754885634088
4282,<21,False,65.6166164002984
7985,<21,False,67.73185589790862
8136,>=21,True,74.83069117478864
4576,<21,False,66.46956629468413
8129,>=21,False,70.28215108106085
7237,<21,True,65.46930958714071
2255,>=21,True,67.31080385614892
7760,<21,False,65.57090450031639
6552,<21,False,67.72954701902326
3266,>=21,True,70.05867529308885
6843,>=21,True,70.0615778685256
2524,<21,False,65.15846364599398
5501,<21,False,60.1317695330583
5349,<21,False,62.194805857139634
6396,>=21,True,69.64066557239393
6115,>=21,True,69.72393264979134
6494,<21,False,68.94853665763634
4742,>=21,True,66.45551047647868
6603,>=21,True,69.49927315747729
1927,>=21,True,68.57815891077816
6075,>=21,True,67.64853130493012
4538,<21,False,67.08773809256783
3024,<21,False,65.78377869965395
5476,>=21,True,70.83743533608703
8126,<21,True,62.22152976411268
3331,>=21,True,65.63102145081635
6472,<21,False,64.1302013326329
7010,>=21,True,71.87440340777654
3960,<21,False,64.88307158211377
5740,>=21,True,65.61408753944046
4340,<21,True,65.14800346920724
4104,>=21,True,70.75889220451435
3087,>=21,True,67.5070171320025
6463,<21,False,71.59089467110128
3136,>=21,True,70.3551743672141
5051,>=21,True,71.63481933947375
7593,<21,False,68.5848917830145
5991,<21,False,66.41074999567704
3361,<21,True,64.40106918107251
7980,>=21,True,65.63973916133122
7370,<21,False,67.30498143519605
6392,<21,False,62.8893591698821
5117,>=21,True,67.9550908872039
2210,<21,True,62.620761921611205
5615,>=21,True,69.18954992263026
6880,>=21,True,69.95560905213657
4449,>=21,True,69.1935585621439
2740,<21,False,60.648769853735345
2874,<21,True,64.35715380320661
4373,>=21,True,68.22642264689969
3400,<21,False,61.48431608034777
2538,>=21,True,68.98470919524695
2476,<21,False,64.99468942999728
2598,<21,False,67.079765494006
6402,<21,False,62.856200884514465
5183,<21,False,63.57064506541782
2145,<21,False,68.55842701975885
6145,>=21,True,68.3446067770228
3031,<21,False,66.1882903178898
8021,<21,False,60.91363143365335
6517,<21,False,66.46227832264721
2653,>=21,True,68.4775695831739
6745,<21,False,68.27194802071554
2045,>=21,True,70.03297180286617
5458,<21,True,64.67375211511947
6181,>=21,True,72.71552345925728
2992,>=21,True,68.57247580313839
4008,>=21,True,69.31881550933922
6197,<21,False,62.64063539683843
3070,<21,False,65.66522886392968
2959,<21,False,69.35837629478661
7749,>=21,True,68.24914474923575
7250,>=21,True,68.20392944931392
2318,>=21,True,67.9891545912716
2541,>=21,True,68.02272964317618
7995,<21,False,67.56522079415602
2519,<21,False,65.32241647051869
7347,>=21,True,70.48679984050062
2456,>=21,True,69.5149319174389
6585,>=21,False,70.54168579572259
3186,>=21,True,70.18951541758007
7444,<21,False,68.06466874309854
6378,>=21,True,69.64076787347626
8147,>=21,True,65.74735100060711
7675,>=21,True,68.35949032728998
5647,>=21,True,71.68965182144807
7692,<21,False,66.16996885121253
7284,<21,False,66.7357461638482
6675,>=21,False,71.14763527933573
6067,>=21,True,68.82513657269843
7854,<21,False,71.23137307175962
7423,>=21,True,66.47617804231497
4308,<21,False,68.61237215070867
2642,>=21,False,71.15941021694609
4119,<21,False,65.70293400053478
3926,>=21,True,72.07096022140828
4916,<21,False,69.27276982626245
5336,>=21,True,72.71169492636535
6856,<21,False,63.537474953072
3966,>=21,True,67.68071274147185
2807,>=21,True,70.20854268462087
2851,>=21,True,66.76473952178787
7295,<21,False,65.3821038761512
5868,<21,False,67.60539740552565
2615,<21,False,62.53659157229487
3362,<21,False,69.34041413823633
7656,<21,False,63.97453310742109
5321,>=21,True,70.13238095984507
4808,<21,True,65.10243643847419
3721,>=21,True,68.29531791483703
2892,>=21,True,73.01554368084128
5438,>=21,True,69.9627299068976
2088,<21,False,60.66613659576631
4929,>=21,True,70.14635389314358
7114,<21,False,63.39657944514081
8081,<21,False,67.57824704671194
5588,<21,False,65.49516332611907
3695,>=21,True,70.73254314914405
6410,<21,True,65.84055050182059
2313,<21,False,65.13816680938923
7778,>=21,True,70.11952345912354
4866,<21,False,63.72791296722605
5662,<21,False,61.705476873456895
4128,>=21,True,71.76005816881084
2744,>=21,True,67.1050346696762
6164,<21,False,57.85693051238232
2931,>=21,True,69.78637714634412
3541,>=21,True,71.46569567569044
2787,<21,False,69.15097475293209
8131,<21,True,63.61710339695466
3956,<21,False,60.07488924423847
5418,>=21,True,70.45856402291392
5296,>=21,True,69.6089040186732
2362,>=21,True,68.42912828815453
4560,<21,False,69.88272907274178
4275,>=21,True,69.05403821307699
3251,>=21,True,70.18865719199738
6913,>=21,True,66.2126333259356
7690,<21,False,67.39796471160139
4096,<21,False,63.13985365064636
7186,>=21,True,69.99731432313551
6226,>=21,False,70.94416307936645
7872,>=21,True,69.17551426442814
3477,>=21,True,66.32383884442291
2896,>=21,False,70.36469805873867
3355,<21,False,64.91692731205957
2863,>=21,True,70.31587558243119
7648,>=21,True,69.74508651544787
7194,>=21,True,65.66908255156665
6453,<21,False,63.57474601848713
6955,>=21,True,71.14458136401441
5941,>=21,True,68.88920105909412
4672,>=21,True,69.3909861185671
3866,>=21,True,68.9783557692908
2930,<21,False,67.42466889154088
5425,<21,False,68.023296926767
4387,<21,False,63.77410333035569
2800,>=21,True,70.32453678981561
3345,<21,False,63.226765021445075
2307,>=21,True,67.0399350727357
7025,<21,False,63.799896085127344
6507,>=21,True,67.44177202897758
3964,>=21,True,69.79095401953622
2245,<21,False,67.79510197067154
4869,>=21,True,69.51131125616848
6617,>=21,True,69.49321695397548
4558,>=21,True,71.08645368386307
3831,<21,True,62.90276039980675
5020,>=21,True,73.03079826177824
5814,<21,False,68.03706062601088
5118,>=21,False,71.6994303943117
3029,<21,False,66.19811563910027
2176,<21,False,63.98051788463084
2652,>=21,True,70.37852227657145
5839,<21,False,68.98367462322096
2171,>=21,True,68.53489894505584
4494,<21,True,64.51842227286595
2679,>=21,True,69.17773234558065
2395,>=21,True,66.46109620488548
4871,<21,False,58.07978854321585
4939,>=21,True,67.93651692567089
5272,>=21,True,68.25505718665704
4881,>=21,True,70.13877146086638
6269,<21,False,67.91847088743924
7823,>=21,True,69.67737288202711
7600,<21,False,61.501573554920306
7653,>=21,True,67.8555173361267
4187,<21,False,67.1347191946864
4837,>=21,True,66.42855566915486
5923,>=21,True,69.16615359912612
7330,>=21,True,66.65556561098848
5094,<21,True,63.898380229362175
4530,<21,True,63.41918105831182
4963,<21,False,64.82938818963223
7054,<21,False,64.48297975763438
2234,<21,False,66.09179586650367
6035,>=21,True,72.83190037646223
3249,>=21,True,70.20151392731451
6391,<21,False,67.1693947439304
7578,<21,True,64.40218439828246
4728,<21,False,69.71889376293328
6474,<21,False,69.51722442619685
2185,>=21,True,67.34598691667367
2871,<21,False,60.51257233154827
4748,>=21,True,69.81645454359534
6582,>=21,False,70.2533039395868
2424,>=21,True,69.82364297710639
4009,>=21,True,71.36703312989579
5039,<21,False,64.73532107330088
2138,<21,False,63.441499950474906
4568,>=21,False,73.11084161968748
6457,>=21,True,64.73088099130392
5327,>=21,True,68.46755393595411
2330,<21,False,66.70226083529865
6255,<21,False,63.65343333948334
5199,>=21,True,66.74470359726247
3261,<21,False,69.83265866468952
3163,>=21,True,69.26992580702915
4048,<21,False,61.17327713332001
2953,>=21,True,72.00739015159242
7446,>=21,True,68.59529955383097
4181,<21,False,69.3630492780842
4443,<21,False,60.002664749065644
8192,>=21,True,70.11943166539375
7633,>=21,False,72.4227175333965
2837,>=21,True,68.29543800097014
3563,>=21,True,67.74383705222925
7744,>=21,True,67.69618746679026
2177,<21,False,65.24843563413191
5374,>=21,False,71.3008737942838
6131,>=21,True,68.30771339786115
7342,>=21,True,69.17702238702898
7415,>=21,True,68.70959448306886
6383,>=21,True,65.64058041638818
8036,>=21,True,67.97287907665849
3746,<21,False,66.92065765106238
2643,>=21,True,75.90600915544037
2113,<21,False,63.85738198286872
6516,<21,False,65.47783650560835
6247,<21,False,66.105292043688
7969,<21,False,70.11481793847234
7591,>=21,True,72.27641215762034
5997,>=21,False,67.7275449506195
5399,>=21,True,69.19234315809123
5432,<21,False,64.4757155969093
4838,<21,False,63.74984197797418
4792,<21,False,65.18448826904194
7464,<21,True,63.106619320689525
4451,<21,False,68.71223358354646
6470,>=21,True,67.23761883896448
2125,>=21,True,67.86058287480658
5107,<21,False,69.4735177177854
7930,>=21,True,68.50231085190082
5222,>=21,True,67.61730151271213
5298,<21,False,68.39231038339175
2102,>=21,True,73.39816809473193
4999,>=21,False,71.99532134594843
6022,>=21,True,69.16200239725964
4763,<21,False,65.8561196945846
3188,<21,False,73.2601346420037
6919,<21,False,64.61297952927859
4276,>=21,True,68.36117791004281
6199,<21,False,59.55611848731786
2749,>=21,True,68.97744894081619
3700,>=21,True,66.98284426644088
5266,<21,False,64.73063961568604
5259,>=21,True,64.68706779634948
3687,>=21,True,69.284545959097
2958,>=21,False,72.24574637736227
5970,>=21,True,70.39834451327712
3414,<21,False,65.18049687141324
1958,<21,False,66.13895964526444
5517,<21,False,63.1712363266642
2914,>=21,True,66.82463749924518
2814,<21,False,69.4950370614929
7459,<21,True,63.31983778535237
7984,>=21,True,70.08290532828109
5659,<21,False,71.4702280278762
6330,<21,False,65.02827596442822
1947,<21,False,62.52098004354965
2019,>=21,True,69.28601407921099
3405,>=21,True,69.01530880452884
5901,<21,False,69.77979341429159
5290,>=21,True,68.26038275100503
4406,<21,False,67.94555125001727
7325,>=21,True,67.98903110235452
4309,<21,False,67.1364087143116
2392,>=21,True,64.79201179757577
2114,<21,False,65.4254772785515
2264,>=21,True,66.03717337587763
3517,>=21,True,69.62121824834327
8084,>=21,True,67.40854242250373
6809,<21,False,65.24877109944534
4507,>=21,True,68.28787027804105
4328,>=21,True,70.57898875691296
6664,<21,False,67.05823361881787
5990,<21,False,62.94824063537506
5526,<21,False,63.133156366817474
1930,>=21,False,73.29837615542081
3094,>=21,True,69.09723038190609
6209,>=21,True,66.42928640518309
5402,>=21,True,70.30226527823712
5332,>=21,True,67.18492407422454
5642,>=21,False,69.5216824849067
6464,>=21,True,69.97991134732311
7628,<21,False,73.8244855047198
3272,<21,False,63.70631660056786
3821,>=21,True,72.33196137829509
1922,>=21,True,70.07608963844247
7427,>=21,False,69.64184395370363
5295,>=21,True,68.0625357090895
4719,<21,False,62.956045619450634
4517,>=21,True,71.87030804217095
4428,>=21,True,69.01367104429458
8054,<21,False,67.31103505131546
3216,<21,False,65.26289578327767
6791,>=21,True,67.73768289304523
7029,>=21,True,72.1595948812782
2127,>=21,True,71.54672589040385
3225,>=21,True,71.01208973709147
5288,>=21,True,65.68816707430484
2449,>=21,True,70.98512374537952
7352,>=21,False,73.21917759548573
2382,>=21,True,69.79904691999383
7792,<21,True,63.411779816942506
6326,>=21,False,74.33430704045146
6785,<21,False,70.31064194548853
4014,<21,False,65.63745312077438
5483,>=21,False,71.14502470957504
5949,<21,False,62.73994316826773
4780,<21,False,62.88489963013915
4944,<21,False,63.99722475317206
4521,>=21,True,69.1999228665259
6781,>=21,True,67.52732823262984
7354,>=21,True,69.57538433214525
4092,>=21,True,71.86142747065402
6487,<21,False,64.53902313127315
7060,<21,False,63.64988164967378
4031,<21,False,65.43423911914299
8038,>=21,True,69.30011083070706
5845,>=21,True,70.57815310714244
7773,>=21,True,67.61450549128644
5794,>=21,True,65.54457727620942
4723,>=21,True,71.15865051290389
7898,>=21,True,71.19491151347928
4316,>=21,True,68.76317830523635
7142,>=21,True,68.48822618699405
3160,<21,False,67.4744993720787
7288,>=21,True,68.96190126298461
8151,>=21,True,69.55095578679959
3134,>=21,True,67.10500486328638
7223,>=21,True,67.72116744008979
3916,>=21,True,67.20355767386633
2726,>=21,False,71.68240290839181
5227,<21,True,63.46403786097386
6796,>=21,True,67.5224144913119
5178,<21,False,68.02290511377086
6996,>=21,True,69.71118466573895
5153,>=21,True,70.43653314871634
1916,<21,False,67.05155837141753
6036,>=21,True,69.73272904354515
2008,<21,False,68.9842194794059
4190,>=21,True,70.56073461807205
5034,<21,False,69.0504475867504
3878,>=21,True,69.4274218429286
2005,>=21,True,71.02336250299597
5898,>=21,True,68.9702392099414
3121,<21,False,63.063956490900914
7500,>=21,True,71.3322420529124
3867,<21,False,68.76246699084882
2511,<21,True,65.34621314052026
4123,<21,True,65.26522778885192
5857,<21,False,64.20236315220006
2531,>=21,True,68.49911130610178
5914,<21,True,63.64711845986942
2058,>=21,True,70.08366291035604
2388,>=21,True,64.7539118564055
4422,<21,False,64.42113778936933
5921,>=21,False,71.17518946309883
6732,>=21,True,70.94597354974002
7128,<21,False,66.77620657436418
6205,>=21,True,71.6397926084316
1939,>=21,True,68.05581720383108
5064,>=21,True,69.00496985821057
8124,>=21,True,70.90360202728343
2588,<21,False,65.57877915529112
5713,<21,False,66.17748780678201
6260,>=21,True,67.25084275465312
6917,<21,True,63.9452505002976
5627,>=21,True,66.00341907090501
6427,<21,False,68.81570389608933
6152,<21,False,69.2100972922384
2865,<21,False,66.75983609072361
8125,>=21,True,69.38606807711407
6193,>=21,False,70.92324134745839
5017,>=21,True,70.74517332927894
4197,>=21,True,72.38074952184111
2397,<21,True,63.453635229474216
6916,>=21,True,71.52638480115736
7517,>=21,True,68.0416392933002
6524,<21,False,60.697963432808486
8008,>=21,True,70.47474211762619
7635,>=21,True,67.4752232794
7273,<21,True,63.56989218533601
6653,<21,False,61.90902290081036
2963,>=21,True,69.62532615937685
5393,<21,False,60.96034815252749
4786,>=21,False,69.49322975447508
2491,>=21,True,69.6020298107401
4310,<21,False,67.64114690901918
2342,<21,True,64.48608828467913
4736,>=21,True,67.86931850302467
7966,<21,False,58.866765595073026
4690,<21,False,65.010866229106
2935,<21,False,66.79590089333256
3836,>=21,True,69.54245047592721
1868,>=21,True,69.75168281007846
7188,>=21,True,66.4611657764491
6298,<21,False,61.35630514877004
7445,<21,False,67.22415808450967
6954,>=21,True,73.68051245697114
4015,<21,False,71.47137979259671
3810,>=21,True,67.06627290601097
5916,>=21,True,64.07453754991054
6169,>=21,True,70.3000515147644
5136,<21,False,70.29528379639589
3778,>=21,True,68.75953756076102
2333,>=21,True,67.10822656161389
7066,<21,False,70.2348223180193
6354,<21,False,64.62819115551964
1919,>=21,True,71.53760170439949
2009,>=21,True,68.13558808483417
3781,<21,False,69.33311649686779
3369,<21,False,66.68345367548012
5252,>=21,False,73.16644837947715
6820,>=21,False,68.30979881337537
7664,>=21,True,66.88183461120065
1981,>=21,True,70.84929397096676
7425,<21,False,70.00370510897164
7567,<21,False,65.80542297850029
3720,>=21,True,72.11735741498777
6606,>=21,True,69.91437066944825
7693,<21,False,67.48369890187082
6969,>=21,True,67.72931956225383
4825,>=21,True,73.65341632540044
3307,<21,False,65.09942227850456
7157,<21,False,65.90779008863268
7751,<21,True,64.056036629909
3410,>=21,True,66.80179820134288
7024,<21,False,67.78777644754992
5617,>=21,True,64.0160705848305
5204,>=21,True,70.07372333522285
4867,>=21,True,69.20169397676393
4872,<21,False,69.94093704652242
7376,>=21,True,68.54473551207376
2181,>=21,True,65.01736852668256
5899,>=21,True,68.23541327901202
4208,>=21,True,68.46861509831817
3043,>=21,True,69.73174670194314
2533,<21,False,60.54521047880291
6834,<21,True,63.89204838553134
7992,<21,False,62.07441469345014
2455,<21,False,60.77498924582062
7014,>=21,True,70.70534301061409
5056,<21,False,65.6940937355923
3076,<21,True,65.35602351982949
7968,>=21,True,69.43123819877592
2654,<21,False,65.52335796260712
4457,>=21,True,69.682282881811
2237,<21,False,65.53100145070589
6356,>=21,True,70.49112566942851
6803,>=21,True,67.93134523650062
2135,<21,False,66.82261939667666
6547,>=21,True,67.01512465411915
2924,>=21,True,71.32142695553085
4493,>=21,True,69.16219673003732
2658,>=21,True,67.99689509343808
4369,<21,False,64.61019313315954
2421,<21,False,66.39166730851369
3303,>=21,True,68.58878719918661
5115,<21,False,64.17728872113895
7728,<21,True,63.50709674561764
4094,>=21,True,68.27030688299348
4327,>=21,False,72.59311246033676
5248,<21,False,65.08809250737043
4902,<21,False,68.72685028861676
5594,<21,False,62.71886648059729
7478,<21,False,66.28347745303361
7433,<21,False,65.82370081722333
5577,<21,True,62.829500128841566
8137,<21,False,68.61724006664089
6757,>=21,True,70.54250816373604
3737,>=21,True,70.39041202407387
5586,<21,True,63.25032648879549
7674,<21,False,60.7646480260603
2459,<21,False,66.1967544001579
6503,>=21,True,68.44137698366907
2580,<21,False,66.63638859027172
2214,>=21,True,67.7843798490279
7088,<21,True,63.66448136317507
2085,>=21,True,73.00451214114565
5184,>=21,False,68.88230186610464
3235,<21,True,64.42005312530281
3730,>=21,True,67.50211754771406
3364,<21,False,69.1925107272941
2815,>=21,True,66.99710571744954
5273,>=21,True,65.26469799108025
5843,>=21,True,69.70170477483191
2498,>=21,True,68.21661998171425
5966,>=21,True,72.81214173348413
3670,>=21,True,66.85963607454822
7863,<21,True,63.60924832617917
3961,<21,False,58.9478427992295
7102,<21,False,67.20014772823734
6736,>=21,True,68.54094838128003
5855,<21,False,67.38547587303566
7068,<21,False,70.56252093720305
2603,>=21,True,71.16709682620863
2798,<21,False,67.19196488915658
2573,<21,False,64.14310577276505
4500,<21,False,66.61840035211904
2594,>=21,True,67.88200271604815
2852,>=21,True,69.41109912209402
6179,>=21,True,70.49935096910937
2285,<21,False,66.11403013035509
3184,>=21,True,67.65946196725245
7204,>=21,True,69.19386762067907
7714,<21,False,66.44665752335916
6028,>=21,True,68.06772015805184
2391,>=21,True,67.71202697680822
6055,>=21,True,68.23184906907926
5592,<21,False,61.69851297899062
2857,<21,False,64.66865048213111
4844,<21,False,68.14958364863347
3883,<21,False,65.27312235062725
5858,>=21,True,70.01192236233388
7431,>=21,True,73.32304198569905
6756,<21,False,66.71578980499234
5593,>=21,True,72.75540750161386
4502,<21,False,71.5334828047024
7406,>=21,True,68.65045012348865
3673,>=21,True,71.78151497826008
6574,<21,False,62.823345435776766
4120,>=21,True,69.53437165688698
3835,<21,True,64.35923844920696
8011,>=21,True,68.80897859403748
7848,<21,False,65.85755265080583
7630,<21,False,67.63235154745384
3789,<21,False,64.0227684405918
2860,>=21,True,73.30096715280479
4238,<21,False,68.34314188247498
7337,<21,False,65.61651865804117
6567,<21,False,69.88842066475428
6586,>=21,True,71.68124607214963
6895,<21,False,71.36344811990485
4423,<21,False,66.60585356312933
7907,>=21,True,69.44423061313415
3987,>=21,True,73.75127244895748
3633,<21,False,63.162030744543706
2637,<21,True,62.46680988990897
5435,>=21,True,69.35678343971485
3795,<21,False,68.42308074122622
5131,>=21,True,68.53157691482302
6837,>=21,True,67.92633898513665
6096,>=21,True,66.35236568561706
2183,<21,False,66.2438961554119
2309,<21,False,67.6417454641761
4653,<21,False,67.01875821728657
6734,<21,True,64.20351084543849
3556,<21,False,61.32087587625508
2888,<21,False,65.92287404592372
5067,<21,False,62.239888129803134
2297,>=21,True,67.44589309831882
5712,<21,False,60.534305815429114
2471,<21,True,64.8533910472937
5016,>=21,True,70.79854610169895
7884,<21,True,64.09602828537017
5191,>=21,True,68.59469395887561
6747,<21,False,68.46970246064629
3650,<21,True,64.78183043759532
4911,>=21,True,69.07127344083024
6737,>=21,True,64.04196645796435
3882,>=21,True,64.43426352854217
3084,<21,False,64.7958400125859
6784,<21,True,63.19063484601996
5238,<21,True,64.26559652519333
7525,>=21,False,70.26676189056622
2035,<21,True,63.03769137201214
5678,>=21,True,68.74576498481946
4192,>=21,True,70.32110300860289
8121,<21,True,64.77536511204006
4139,<21,False,68.75119285332556
3968,<21,False,63.990266537201535
2356,>=21,True,68.50023033406868
4663,>=21,True,71.30150128079308
3051,<21,False,63.62657606831873
7518,>=21,True,68.17827119377826
4492,>=21,True,66.72985100951334
3296,<21,False,68.01471088087261
4822,>=21,True,68.9082646659431
6384,>=21,True,70.05536270983887
7804,<21,False,63.69822722081947
5616,>=21,True,71.2183398265166
7368,<21,False,66.61591801482868
2440,>=21,True,68.13152999226817
3917,>=21,True,69.79875459594278
7588,>=21,True,73.21289638808689
7151,>=21,False,72.37557197853073
2969,>=21,False,69.0137872649573
7338,<21,False,69.75423886238755
7067,<21,False,61.72774062681344
6528,>=21,False,67.07924729726939
7768,<21,False,68.63500929473503
6673,<21,False,73.10580392055279
4200,<21,False,69.4039644470274
5984,>=21,True,68.54408359917502
5302,<21,True,63.82292068166443
5978,>=21,True,67.29827532410225
3900,<21,False,60.09593297206782
5705,<21,False,63.765868550050115
